ch1,ch2,timestamp_ms,label
549,518,0,okay
557,601,10,okay
513,513,20,okay
603,563,30,okay
501,552,40,okay
501,501,50,okay
537,429,60,okay
438,496,70,okay
474,540,80,okay
479,454,90,okay
598,513,100,okay
528,453,110,okay
497,530,120,okay
467,543,130,okay
494,510,140,okay
494,617,150,okay
524,472,160,okay
566,463,170,okay
535,426,180,okay
458,534,190,okay
561,533,200,okay
519,509,210,okay
451,488,220,okay
501,577,230,okay
542,436,240,okay
541,505,250,okay
491,555,260,okay
576,571,270,okay
482,509,280,okay
541,573,290,okay
500,515,300,okay
469,465,310,okay
565,592,320,okay
521,575,330,okay
543,492,340,okay
543,601,350,okay
523,603,360,okay
393,566,370,okay
529,509,380,okay
529,425,390,okay
513,542,400,okay
598,498,410,okay
484,499,420,okay
570,541,430,okay
498,550,440,okay
529,573,450,okay
489,508,460,okay
505,451,470,okay
539,537,480,okay
525,513,490,okay
454,503,500,okay
507,484,510,okay
516,545,520,okay
619,533,530,okay
537,521,540,okay
428,523,550,okay
527,647,560,okay
515,539,570,okay
523,466,580,okay
581,562,590,okay
564,479,600,okay
594,454,610,okay
554,634,620,okay
475,496,630,okay
529,499,640,okay
447,528,650,okay
471,548,660,okay
478,602,670,okay
485,508,680,okay
565,463,690,okay
536,590,700,okay
444,533,710,okay
537,563,720,okay
462,458,730,okay
550,539,740,okay
537,542,750,okay
490,536,760,okay
539,488,770,okay
617,548,780,okay
465,557,790,okay
475,564,800,okay
582,483,810,okay
572,545,820,okay
565,619,830,okay
512,486,840,okay
480,483,850,okay
520,541,860,okay
538,565,870,okay
525,597,880,okay
511,660,890,okay
555,481,900,okay
471,548,910,okay
513,560,920,okay
548,520,930,okay
482,448,940,okay
502,567,950,okay
535,462,960,okay
533,543,970,okay
480,532,980,okay
527,467,990,okay
542,552,1000,okay
578,577,1010,okay
455,477,1020,okay
550,550,1030,okay
550,717,1040,okay
552,581,1050,okay
572,556,1060,okay
508,562,1070,okay
485,512,1080,okay
500,528,1090,okay
640,430,1100,okay
558,443,1110,okay
500,578,1120,okay
527,470,1130,okay
488,558,1140,okay
487,535,1150,okay
526,491,1160,okay
631,555,1170,okay
422,533,1180,okay
491,566,1190,okay
484,518,1200,okay
549,567,1210,okay
464,507,1220,okay
500,491,1230,okay
612,544,1240,okay
461,570,1250,okay
630,575,1260,okay
448,499,1270,okay
587,488,1280,okay
546,562,1290,okay
477,521,1300,okay
362,472,1310,okay
511,461,1320,okay
605,452,1330,okay
502,530,1340,okay
596,452,1350,okay
582,524,1360,okay
474,547,1370,okay
533,493,1380,okay
527,504,1390,okay
529,557,1400,okay
603,462,1410,okay
630,426,1420,okay
516,553,1430,okay
537,492,1440,okay
513,499,1450,okay
494,566,1460,okay
541,489,1470,okay
568,539,1480,okay
564,555,1490,okay
482,495,1500,okay
561,554,1510,okay
522,529,1520,okay
587,494,1530,okay
551,513,1540,okay
512,578,1550,okay
564,564,1560,okay
588,524,1570,okay
557,508,1580,okay
539,517,1590,okay
528,553,1600,okay
482,628,1610,okay
473,462,1620,okay
581,563,1630,okay
554,554,1640,okay
522,478,1650,okay
527,489,1660,okay
572,516,1670,okay
482,507,1680,okay
544,495,1690,okay
482,535,1700,okay
535,498,1710,okay
499,534,1720,okay
450,453,1730,okay
487,512,1740,okay
538,597,1750,okay
566,515,1760,okay
522,473,1770,okay
522,508,1780,okay
539,481,1790,okay
549,599,1800,okay
517,543,1810,okay
557,503,1820,okay
534,523,1830,okay
528,484,1840,okay
524,548,1850,okay
595,571,1860,okay
630,484,1870,okay
566,532,1880,okay
632,482,1890,okay
481,493,1900,okay
416,496,1910,okay
485,530,1920,okay
540,616,1930,okay
570,494,1940,okay
478,547,1950,okay
456,614,1960,okay
581,499,1970,okay
437,590,1980,okay
517,584,1990,okay
443,492,2000,okay
523,525,2010,okay
500,553,2020,okay
469,515,2030,okay
528,548,2040,okay
558,466,2050,okay
446,586,2060,okay
539,485,2070,okay
600,528,2080,okay
581,526,2090,okay
625,610,2100,okay
510,571,2110,okay
554,591,2120,okay
474,556,2130,okay
575,434,2140,okay
463,420,2150,okay
509,558,2160,okay
597,526,2170,okay
603,453,2180,okay
437,519,2190,okay
541,520,2200,okay
418,517,2210,okay
457,555,2220,okay
540,475,2230,okay
496,469,2240,okay
519,570,2250,okay
472,547,2260,okay
495,482,2270,okay
516,470,2280,okay
494,462,2290,okay
620,523,2300,okay
487,532,2310,okay
516,511,2320,okay
552,559,2330,okay
495,493,2340,okay
508,406,2350,okay
446,590,2360,okay
604,509,2370,okay
550,537,2380,okay
675,577,2390,okay
515,474,2400,okay
441,532,2410,okay
484,450,2420,okay
489,467,2430,okay
606,565,2440,okay
521,595,2450,okay
525,478,2460,okay
597,548,2470,okay
469,512,2480,okay
477,452,2490,okay
567,617,2500,okay
451,549,2510,okay
489,497,2520,okay
491,478,2530,okay
523,479,2540,okay
535,519,2550,okay
509,476,2560,okay
492,559,2570,okay
546,472,2580,okay
526,558,2590,okay
437,548,2600,okay
488,549,2610,okay
483,431,2620,okay
439,523,2630,okay
534,476,2640,okay
553,438,2650,okay
517,460,2660,okay
488,523,2670,okay
478,501,2680,okay
571,492,2690,okay
562,464,2700,okay
547,593,2710,okay
397,481,2720,okay
549,510,2730,okay
539,490,2740,okay
525,513,2750,okay
579,533,2760,okay
537,500,2770,okay
496,499,2780,okay
540,499,2790,okay
535,624,2800,okay
564,504,2810,okay
580,500,2820,okay
418,470,2830,okay
427,503,2840,okay
521,604,2850,okay
536,509,2860,okay
562,410,2870,okay
532,559,2880,okay
446,577,2890,okay
537,499,2900,okay
552,634,2910,okay
529,532,2920,okay
497,477,2930,okay
561,477,2940,okay
523,496,2950,okay
544,537,2960,okay
572,494,2970,okay
506,471,2980,okay
498,539,2990,okay
558,474,3000,okay
563,587,3010,okay
540,614,3020,okay
481,457,3030,okay
431,594,3040,okay
552,517,3050,okay
534,463,3060,okay
642,526,3070,okay
525,556,3080,okay
543,531,3090,okay
480,543,3100,okay
613,587,3110,okay
599,494,3120,okay
470,513,3130,okay
522,574,3140,okay
435,596,3150,okay
511,498,3160,okay
469,436,3170,okay
560,523,3180,okay
455,454,3190,okay
502,603,3200,okay
506,444,3210,okay
507,505,3220,okay
384,516,3230,okay
507,554,3240,okay
611,575,3250,okay
505,464,3260,okay
648,522,3270,okay
520,518,3280,okay
529,512,3290,okay
490,491,3300,okay
517,492,3310,okay
483,524,3320,okay
506,594,3330,okay
386,573,3340,okay
581,415,3350,okay
501,500,3360,okay
448,480,3370,okay
463,606,3380,okay
565,582,3390,okay
555,462,3400,okay
492,543,3410,okay
457,554,3420,okay
506,500,3430,okay
554,540,3440,okay
500,576,3450,okay
464,549,3460,okay
548,503,3470,okay
534,456,3480,okay
564,509,3490,okay
492,571,3500,okay
483,448,3510,okay
440,548,3520,okay
454,606,3530,okay
414,603,3540,okay
528,513,3550,okay
491,538,3560,okay
516,573,3570,okay
524,525,3580,okay
500,515,3590,okay
533,432,3600,okay
450,555,3610,okay
526,508,3620,okay
519,535,3630,okay
491,479,3640,okay
527,469,3650,okay
538,432,3660,okay
569,541,3670,okay
530,567,3680,okay
601,568,3690,okay
425,453,3700,okay
486,519,3710,okay
543,481,3720,okay
527,479,3730,okay
487,447,3740,okay
471,450,3750,okay
468,570,3760,okay
470,649,3770,okay
542,526,3780,okay
474,552,3790,okay
488,523,3800,okay
645,512,3810,okay
574,482,3820,okay
515,605,3830,okay
485,607,3840,okay
552,489,3850,okay
548,565,3860,okay
548,438,3870,okay
480,504,3880,okay
513,548,3890,okay
525,450,3900,okay
536,547,3910,okay
545,571,3920,okay
558,539,3930,okay
513,433,3940,okay
538,527,3950,okay
530,453,3960,okay
462,569,3970,okay
514,550,3980,okay
518,518,3990,okay
563,490,4000,okay
521,493,4010,okay
494,501,4020,okay
527,492,4030,okay
579,471,4040,okay
507,494,4050,okay
588,526,4060,okay
568,442,4070,okay
529,560,4080,okay
520,569,4090,okay
490,586,4100,okay
631,498,4110,okay
493,588,4120,okay
595,490,4130,okay
495,502,4140,okay
448,470,4150,okay
465,477,4160,okay
514,527,4170,okay
593,466,4180,okay
565,505,4190,okay
513,549,4200,okay
459,535,4210,okay
524,540,4220,okay
530,638,4230,okay
483,489,4240,okay
484,487,4250,okay
483,575,4260,okay
586,487,4270,okay
473,539,4280,okay
487,547,4290,okay
525,439,4300,okay
592,605,4310,okay
484,496,4320,okay
529,532,4330,okay
548,615,4340,okay
506,475,4350,okay
446,478,4360,okay
513,604,4370,okay
489,526,4380,okay
514,574,4390,okay
641,488,4400,okay
490,567,4410,okay
549,607,4420,okay
544,497,4430,okay
544,570,4440,okay
555,540,4450,okay
568,573,4460,okay
583,547,4470,okay
506,522,4480,okay
575,473,4490,okay
533,495,4500,okay
516,578,4510,okay
524,516,4520,okay
446,551,4530,okay
546,622,4540,okay
499,525,4550,okay
526,593,4560,okay
509,528,4570,okay
544,523,4580,okay
491,524,4590,okay
567,462,4600,okay
520,479,4610,okay
573,438,4620,okay
486,532,4630,okay
592,510,4640,okay
486,608,4650,okay
441,404,4660,okay
535,488,4670,okay
462,549,4680,okay
526,485,4690,okay
449,557,4700,okay
546,508,4710,okay
606,460,4720,okay
437,479,4730,okay
511,525,4740,okay
501,531,4750,okay
450,585,4760,okay
509,569,4770,okay
530,536,4780,okay
541,535,4790,okay
545,579,4800,okay
523,548,4810,okay
508,585,4820,okay
479,603,4830,okay
511,441,4840,okay
519,479,4850,okay
555,480,4860,okay
490,418,4870,okay
490,391,4880,okay
433,551,4890,okay
552,534,4900,okay
464,510,4910,okay
512,454,4920,okay
587,556,4930,okay
501,514,4940,okay
523,410,4950,okay
500,478,4960,okay
462,498,4970,okay
602,544,4980,okay
483,541,4990,okay
582,558,5000,okay
515,480,5010,okay
547,532,5020,okay
557,544,5030,okay
564,485,5040,okay
578,522,5050,okay
615,477,5060,okay
598,522,5070,okay
479,487,5080,okay
496,533,5090,okay
538,483,5100,okay
510,619,5110,okay
598,533,5120,okay
513,517,5130,okay
542,460,5140,okay
498,428,5150,okay
531,544,5160,okay
487,590,5170,okay
450,438,5180,okay
522,563,5190,okay
595,488,5200,okay
565,509,5210,okay
502,555,5220,okay
544,432,5230,okay
585,580,5240,okay
480,531,5250,okay
535,524,5260,okay
483,477,5270,okay
509,569,5280,okay
538,492,5290,okay
549,368,5300,okay
568,424,5310,okay
492,455,5320,okay
446,569,5330,okay
487,528,5340,okay
508,534,5350,okay
514,446,5360,okay
560,486,5370,okay
432,489,5380,okay
585,553,5390,okay
493,493,5400,okay
494,614,5410,okay
529,532,5420,okay
562,522,5430,okay
497,500,5440,okay
506,508,5450,okay
546,512,5460,okay
546,506,5470,okay
514,410,5480,okay
556,527,5490,okay
560,365,5500,okay
614,503,5510,okay
565,458,5520,okay
540,457,5530,okay
478,605,5540,okay
500,520,5550,okay
553,534,5560,okay
517,528,5570,okay
629,506,5580,okay
519,562,5590,okay
564,569,5600,okay
541,452,5610,okay
591,452,5620,okay
524,471,5630,okay
506,525,5640,okay
525,530,5650,okay
590,532,5660,okay
497,557,5670,okay
568,447,5680,okay
539,544,5690,okay
494,577,5700,okay
501,515,5710,okay
500,509,5720,okay
454,437,5730,okay
588,466,5740,okay
459,401,5750,okay
476,442,5760,okay
590,559,5770,okay
474,621,5780,okay
557,492,5790,okay
383,623,5800,okay
439,426,5810,okay
559,630,5820,okay
577,536,5830,okay
538,551,5840,okay
546,522,5850,okay
513,505,5860,okay
470,494,5870,okay
423,503,5880,okay
458,453,5890,okay
517,577,5900,okay
554,429,5910,okay
458,555,5920,okay
458,496,5930,okay
535,459,5940,okay
513,441,5950,okay
477,523,5960,okay
428,529,5970,okay
506,535,5980,okay
518,575,5990,okay
513,486,6000,okay
513,534,6010,okay
510,509,6020,okay
472,474,6030,okay
437,594,6040,okay
445,472,6050,okay
471,552,6060,okay
492,569,6070,okay
473,521,6080,okay
465,614,6090,okay
447,522,6100,okay
538,527,6110,okay
497,500,6120,okay
509,499,6130,okay
555,617,6140,okay
479,438,6150,okay
502,635,6160,okay
466,588,6170,okay
590,479,6180,okay
535,588,6190,okay
487,496,6200,okay
477,455,6210,okay
474,445,6220,okay
508,468,6230,okay
518,428,6240,okay
523,548,6250,okay
406,525,6260,okay
567,445,6270,okay
589,527,6280,okay
471,503,6290,okay
534,510,6300,okay
533,460,6310,okay
514,435,6320,okay
500,460,6330,okay
469,567,6340,okay
560,536,6350,okay
451,490,6360,okay
566,512,6370,okay
621,525,6380,okay
515,490,6390,okay
512,498,6400,okay
541,553,6410,okay
466,439,6420,okay
413,530,6430,okay
450,397,6440,okay
524,630,6450,okay
505,547,6460,okay
509,500,6470,okay
551,490,6480,okay
518,521,6490,okay
471,554,6500,okay
496,467,6510,okay
531,460,6520,okay
506,504,6530,okay
559,528,6540,okay
503,545,6550,okay
574,532,6560,okay
505,439,6570,okay
451,489,6580,okay
474,495,6590,okay
507,531,6600,okay
501,528,6610,okay
507,405,6620,okay
457,497,6630,okay
443,534,6640,okay
580,565,6650,okay
493,578,6660,okay
511,487,6670,okay
473,489,6680,okay
484,512,6690,okay
512,504,6700,okay
525,563,6710,okay
551,429,6720,okay
376,550,6730,okay
435,492,6740,okay
445,413,6750,okay
530,541,6760,okay
474,374,6770,okay
476,523,6780,okay
429,512,6790,okay
502,532,6800,okay
509,454,6810,okay
563,495,6820,okay
502,456,6830,okay
481,459,6840,okay
494,588,6850,okay
434,422,6860,okay
576,492,6870,okay
469,555,6880,okay
472,594,6890,okay
537,478,6900,okay
610,472,6910,okay
540,517,6920,okay
568,581,6930,okay
504,465,6940,okay
525,468,6950,okay
603,509,6960,okay
484,511,6970,okay
435,454,6980,okay
562,469,6990,okay
450,529,7000,okay
561,538,7010,okay
552,464,7020,okay
431,577,7030,okay
486,489,7040,okay
568,530,7050,okay
525,610,7060,okay
470,548,7070,okay
505,515,7080,okay
578,527,7090,okay
528,555,7100,okay
483,460,7110,okay
449,403,7120,okay
604,446,7130,okay
490,488,7140,okay
517,542,7150,okay
544,472,7160,okay
493,515,7170,okay
489,582,7180,okay
526,538,7190,okay
534,560,7200,okay
510,436,7210,okay
521,468,7220,okay
474,530,7230,okay
563,502,7240,okay
516,586,7250,okay
513,631,7260,okay
529,413,7270,okay
538,520,7280,okay
565,534,7290,okay
494,439,7300,okay
490,458,7310,okay
471,530,7320,okay
584,520,7330,okay
441,523,7340,okay
560,470,7350,okay
494,501,7360,okay
461,533,7370,okay
494,521,7380,okay
456,478,7390,okay
536,481,7400,okay
586,480,7410,okay
511,547,7420,okay
429,412,7430,okay
424,563,7440,okay
472,628,7450,okay
471,509,7460,okay
577,600,7470,okay
603,560,7480,okay
551,529,7490,okay
538,472,7500,okay
459,499,7510,okay
491,477,7520,okay
534,547,7530,okay
504,573,7540,okay
442,490,7550,okay
463,406,7560,okay
495,493,7570,okay
575,531,7580,okay
448,592,7590,okay
560,528,7600,okay
488,451,7610,okay
480,553,7620,okay
593,576,7630,okay
474,443,7640,okay
506,410,7650,okay
515,491,7660,okay
475,419,7670,okay
524,472,7680,okay
440,355,7690,okay
497,587,7700,okay
581,476,7710,okay
468,522,7720,okay
448,513,7730,okay
537,560,7740,okay
493,488,7750,okay
454,457,7760,okay
487,516,7770,okay
544,458,7780,okay
573,484,7790,okay
497,461,7800,okay
377,542,7810,okay
535,484,7820,okay
501,524,7830,okay
420,471,7840,okay
537,435,7850,okay
512,430,7860,okay
521,496,7870,okay
417,556,7880,okay
461,457,7890,okay
507,555,7900,okay
447,500,7910,okay
519,532,7920,okay
506,479,7930,okay
456,501,7940,okay
444,351,7950,okay
519,542,7960,okay
379,447,7970,okay
528,600,7980,okay
498,461,7990,okay
488,566,8000,okay
465,457,8010,okay
473,449,8020,okay
503,578,8030,okay
513,484,8040,okay
482,418,8050,okay
541,493,8060,okay
487,656,8070,okay
511,459,8080,okay
475,554,8090,okay
502,424,8100,okay
542,463,8110,okay
590,550,8120,okay
474,560,8130,okay
500,539,8140,okay
520,454,8150,okay
464,548,8160,okay
479,476,8170,okay
448,517,8180,okay
599,443,8190,okay
497,566,8200,okay
492,518,8210,okay
443,517,8220,okay
486,545,8230,okay
555,625,8240,okay
525,512,8250,okay
505,478,8260,okay
512,481,8270,okay
504,561,8280,okay
445,552,8290,okay
561,489,8300,okay
389,465,8310,okay
560,494,8320,okay
445,470,8330,okay
537,522,8340,okay
483,477,8350,okay
475,449,8360,okay
576,479,8370,okay
556,571,8380,okay
545,473,8390,okay
515,494,8400,okay
450,511,8410,okay
436,554,8420,okay
471,505,8430,okay
509,482,8440,okay
524,471,8450,okay
538,427,8460,okay
501,591,8470,okay
444,461,8480,okay
520,503,8490,okay
512,519,8500,okay
526,550,8510,okay
515,482,8520,okay
528,589,8530,okay
487,445,8540,okay
549,488,8550,okay
385,536,8560,okay
467,489,8570,okay
510,503,8580,okay
529,472,8590,okay
519,481,8600,okay
531,524,8610,okay
447,548,8620,okay
467,534,8630,okay
512,585,8640,okay
482,476,8650,okay
493,478,8660,okay
533,413,8670,okay
441,440,8680,okay
541,579,8690,okay
488,485,8700,okay
497,551,8710,okay
447,505,8720,okay
542,518,8730,okay
503,543,8740,okay
358,527,8750,okay
460,401,8760,okay
518,562,8770,okay
486,541,8780,okay
573,559,8790,okay
575,530,8800,okay
496,413,8810,okay
480,450,8820,okay
601,484,8830,okay
499,520,8840,okay
495,577,8850,okay
461,502,8860,okay
455,426,8870,okay
462,491,8880,okay
471,458,8890,okay
422,488,8900,okay
417,530,8910,okay
496,419,8920,okay
477,455,8930,okay
508,559,8940,okay
398,498,8950,okay
484,526,8960,okay
503,454,8970,okay
476,452,8980,okay
546,493,8990,okay
587,489,9000,okay
456,416,9010,okay
402,412,9020,okay
505,517,9030,okay
413,536,9040,okay
467,499,9050,okay
572,536,9060,okay
478,447,9070,okay
384,455,9080,okay
481,442,9090,okay
485,495,9100,okay
480,459,9110,okay
500,513,9120,okay
437,562,9130,okay
486,492,9140,okay
526,503,9150,okay
539,505,9160,okay
460,509,9170,okay
434,496,9180,okay
489,480,9190,okay
484,397,9200,okay
463,495,9210,okay
499,439,9220,okay
554,447,9230,okay
539,512,9240,okay
458,579,9250,okay
431,536,9260,okay
540,457,9270,okay
560,478,9280,okay
505,503,9290,okay
484,531,9300,okay
530,403,9310,okay
555,407,9320,okay
542,546,9330,okay
436,470,9340,okay
435,479,9350,okay
475,529,9360,okay
555,560,9370,okay
462,479,9380,okay
406,450,9390,okay
538,571,9400,okay
428,460,9410,okay
488,504,9420,okay
449,511,9430,okay
466,489,9440,okay
517,490,9450,okay
468,484,9460,okay
485,471,9470,okay
476,569,9480,okay
517,475,9490,okay
524,473,9500,okay
548,508,9510,okay
484,512,9520,okay
411,433,9530,okay
429,496,9540,okay
576,601,9550,okay
521,514,9560,okay
399,462,9570,okay
450,458,9580,okay
480,465,9590,okay
390,526,9600,okay
435,501,9610,okay
592,443,9620,okay
362,474,9630,okay
544,587,9640,okay
427,513,9650,okay
465,483,9660,okay
621,413,9670,okay
501,512,9680,okay
543,493,9690,okay
504,469,9700,okay
502,471,9710,okay
519,470,9720,okay
507,487,9730,okay
544,486,9740,okay
399,551,9750,okay
443,455,9760,okay
458,557,9770,okay
381,645,9780,okay
541,499,9790,okay
485,502,9800,okay
514,520,9810,okay
516,492,9820,okay
478,480,9830,okay
478,544,9840,okay
517,341,9850,okay
520,497,9860,okay
487,468,9870,okay
544,535,9880,okay
449,508,9890,okay
439,418,9900,okay
456,531,9910,okay
535,513,9920,okay
524,513,9930,okay
455,509,9940,okay
527,525,9950,okay
547,523,9960,okay
505,541,9970,okay
486,443,9980,okay
479,450,9990,okay
453,480,10000,okay
447,472,10010,okay
392,498,10020,okay
487,446,10030,okay
520,534,10040,okay
406,449,10050,okay
448,440,10060,okay
528,477,10070,okay
473,386,10080,okay
518,425,10090,okay
490,500,10100,okay
555,421,10110,okay
335,496,10120,okay
576,548,10130,okay
497,462,10140,okay
527,438,10150,okay
510,512,10160,okay
539,624,10170,okay
506,461,10180,okay
485,398,10190,okay
451,466,10200,okay
460,494,10210,okay
445,542,10220,okay
486,485,10230,okay
470,494,10240,okay
527,443,10250,okay
453,471,10260,okay
418,445,10270,okay
462,529,10280,okay
499,495,10290,okay
528,479,10300,okay
505,480,10310,okay
499,456,10320,okay
364,479,10330,okay
557,532,10340,okay
534,547,10350,okay
490,495,10360,okay
454,470,10370,okay
516,545,10380,okay
478,463,10390,okay
485,515,10400,okay
413,370,10410,okay
458,424,10420,okay
460,478,10430,okay
462,558,10440,okay
501,500,10450,okay
516,428,10460,okay
537,481,10470,okay
518,431,10480,okay
407,526,10490,okay
504,440,10500,okay
441,541,10510,okay
425,567,10520,okay
440,517,10530,okay
468,515,10540,okay
457,476,10550,okay
487,434,10560,okay
522,459,10570,okay
473,435,10580,okay
356,475,10590,okay
605,524,10600,okay
483,471,10610,okay
485,512,10620,okay
425,540,10630,okay
520,520,10640,okay
506,485,10650,okay
518,514,10660,okay
466,455,10670,okay
489,561,10680,okay
422,411,10690,okay
492,487,10700,okay
493,496,10710,okay
473,558,10720,okay
404,442,10730,okay
479,402,10740,okay
475,567,10750,okay
485,495,10760,okay
421,453,10770,okay
465,468,10780,okay
548,511,10790,okay
428,496,10800,okay
508,541,10810,okay
562,433,10820,okay
443,421,10830,okay
472,507,10840,okay
533,480,10850,okay
467,491,10860,okay
442,588,10870,okay
403,492,10880,okay
584,484,10890,okay
474,465,10900,okay
474,552,10910,okay
372,560,10920,okay
412,470,10930,okay
462,512,10940,okay
403,506,10950,okay
584,415,10960,okay
492,450,10970,okay
504,484,10980,okay
451,507,10990,okay
573,473,11000,okay
519,418,11010,okay
435,506,11020,okay
557,500,11030,okay
467,483,11040,okay
420,513,11050,okay
527,460,11060,okay
459,496,11070,okay
461,479,11080,okay
587,470,11090,okay
464,450,11100,okay
520,473,11110,okay
450,548,11120,okay
553,452,11130,okay
389,533,11140,okay
448,522,11150,okay
384,527,11160,okay
422,519,11170,okay
483,434,11180,okay
462,516,11190,okay
487,511,11200,okay
581,404,11210,okay
563,487,11220,okay
437,415,11230,okay
472,528,11240,okay
475,557,11250,okay
409,481,11260,okay
419,500,11270,okay
526,461,11280,okay
351,492,11290,okay
503,502,11300,okay
543,428,11310,okay
516,541,11320,okay
393,497,11330,okay
456,477,11340,okay
499,457,11350,okay
448,483,11360,okay
427,427,11370,okay
515,424,11380,okay
515,504,11390,okay
395,447,11400,okay
541,432,11410,okay
458,504,11420,okay
520,469,11430,okay
451,552,11440,okay
568,530,11450,okay
485,441,11460,okay
439,507,11470,okay
502,551,11480,okay
513,406,11490,okay
534,431,11500,okay
462,493,11510,okay
581,636,11520,okay
511,472,11530,okay
507,525,11540,okay
465,570,11550,okay
492,506,11560,okay
514,502,11570,okay
523,450,11580,okay
453,426,11590,okay
503,520,11600,okay
503,564,11610,okay
480,514,11620,okay
426,461,11630,okay
515,523,11640,okay
466,477,11650,okay
404,463,11660,okay
525,509,11670,okay
505,483,11680,okay
481,447,11690,okay
515,501,11700,okay
505,454,11710,okay
372,535,11720,okay
456,437,11730,okay
515,460,11740,okay
533,511,11750,okay
514,412,11760,okay
541,493,11770,okay
461,487,11780,okay
391,500,11790,okay
428,412,11800,okay
404,535,11810,okay
448,557,11820,okay
453,394,11830,okay
424,542,11840,okay
472,452,11850,okay
488,505,11860,okay
536,552,11870,okay
462,413,11880,okay
459,493,11890,okay
431,432,11900,okay
497,477,11910,okay
481,442,11920,okay
468,433,11930,okay
524,531,11940,okay
387,433,11950,okay
405,447,11960,okay
475,407,11970,okay
433,429,11980,okay
490,483,11990,okay
443,488,12000,okay
452,466,12010,okay
563,546,12020,okay
414,521,12030,okay
520,422,12040,okay
520,556,12050,okay
423,433,12060,okay
530,493,12070,okay
507,496,12080,okay
499,413,12090,okay
531,537,12100,okay
467,477,12110,okay
402,505,12120,okay
507,476,12130,okay
535,462,12140,okay
507,428,12150,okay
478,470,12160,okay
490,460,12170,okay
472,520,12180,okay
457,398,12190,okay
566,548,12200,okay
414,513,12210,okay
453,492,12220,okay
493,467,12230,okay
439,444,12240,okay
433,437,12250,okay
475,443,12260,okay
513,553,12270,okay
449,490,12280,okay
503,502,12290,okay
482,516,12300,okay
502,416,12310,okay
522,523,12320,okay
440,480,12330,okay
512,468,12340,okay
532,596,12350,okay
439,409,12360,okay
493,514,12370,okay
467,551,12380,okay
411,513,12390,okay
448,564,12400,okay
578,440,12410,okay
451,521,12420,okay
459,476,12430,okay
479,382,12440,okay
477,443,12450,okay
453,550,12460,okay
415,519,12470,okay
464,464,12480,okay
517,495,12490,okay
506,526,12500,okay
461,447,12510,okay
424,437,12520,okay
625,540,12530,okay
410,412,12540,okay
502,505,12550,okay
505,465,12560,okay
471,494,12570,okay
482,367,12580,okay
466,435,12590,okay
486,627,12600,okay
496,462,12610,okay
524,502,12620,okay
499,508,12630,okay
580,421,12640,okay
501,431,12650,okay
505,431,12660,okay
457,463,12670,okay
526,523,12680,okay
415,480,12690,okay
442,414,12700,okay
466,462,12710,okay
599,499,12720,okay
408,449,12730,okay
528,582,12740,okay
398,383,12750,okay
571,497,12760,okay
434,504,12770,okay
345,477,12780,okay
494,523,12790,okay
426,481,12800,okay
431,490,12810,okay
432,457,12820,okay
427,510,12830,okay
520,465,12840,okay
479,405,12850,okay
462,474,12860,okay
608,421,12870,okay
550,527,12880,okay
491,565,12890,okay
495,496,12900,okay
474,538,12910,okay
532,446,12920,okay
411,467,12930,okay
437,474,12940,okay
539,454,12950,okay
475,480,12960,okay
519,364,12970,okay
446,487,12980,okay
537,452,12990,okay
383,508,13000,okay
445,417,13010,okay
445,467,13020,okay
446,366,13030,okay
521,540,13040,okay
509,420,13050,okay
466,476,13060,okay
506,510,13070,okay
440,481,13080,okay
499,549,13090,okay
512,516,13100,okay
481,547,13110,okay
497,433,13120,okay
547,511,13130,okay
454,452,13140,okay
491,500,13150,okay
486,492,13160,okay
561,530,13170,okay
486,523,13180,okay
425,496,13190,okay
567,465,13200,okay
434,444,13210,okay
422,437,13220,okay
458,406,13230,okay
477,521,13240,okay
431,552,13250,okay
502,528,13260,okay
443,519,13270,okay
421,521,13280,okay
485,504,13290,okay
417,431,13300,okay
506,429,13310,okay
499,408,13320,okay
518,414,13330,okay
504,507,13340,okay
441,505,13350,okay
489,449,13360,okay
426,378,13370,okay
493,398,13380,okay
481,463,13390,okay
510,461,13400,okay
459,512,13410,okay
493,492,13420,okay
499,399,13430,okay
514,506,13440,okay
425,464,13450,okay
474,469,13460,okay
492,547,13470,okay
530,410,13480,okay
507,542,13490,okay
495,530,13500,okay
576,527,13510,okay
488,528,13520,okay
483,477,13530,okay
458,554,13540,okay
435,552,13550,okay
501,406,13560,okay
494,371,13570,okay
507,520,13580,okay
446,482,13590,okay
573,450,13600,okay
423,550,13610,okay
574,476,13620,okay
526,543,13630,okay
438,451,13640,okay
537,560,13650,okay
504,431,13660,okay
575,449,13670,okay
459,493,13680,okay
553,518,13690,okay
496,499,13700,okay
478,503,13710,okay
349,461,13720,okay
487,418,13730,okay
495,465,13740,okay
563,554,13750,okay
452,468,13760,okay
472,453,13770,okay
485,437,13780,okay
419,506,13790,okay
507,435,13800,okay
520,444,13810,okay
488,516,13820,okay
474,498,13830,okay
449,465,13840,okay
465,438,13850,okay
466,398,13860,okay
451,461,13870,okay
462,463,13880,okay
472,499,13890,okay
519,443,13900,okay
415,423,13910,okay
451,458,13920,okay
437,410,13930,okay
452,484,13940,okay
505,447,13950,okay
454,429,13960,okay
474,433,13970,okay
504,386,13980,okay
457,490,13990,okay
484,610,14000,okay
493,425,14010,okay
470,386,14020,okay
471,433,14030,okay
521,448,14040,okay
469,443,14050,okay
562,459,14060,okay
567,516,14070,okay
499,493,14080,okay
495,379,14090,okay
461,517,14100,okay
472,405,14110,okay
472,560,14120,okay
537,472,14130,okay
522,457,14140,okay
390,429,14150,okay
553,461,14160,okay
463,460,14170,okay
570,556,14180,okay
586,467,14190,okay
490,399,14200,okay
549,416,14210,okay
486,420,14220,okay
445,433,14230,okay
444,448,14240,okay
447,516,14250,okay
420,486,14260,okay
536,449,14270,okay
439,463,14280,okay
534,484,14290,okay
448,499,14300,okay
420,509,14310,okay
495,459,14320,okay
433,430,14330,okay
501,536,14340,okay
443,498,14350,okay
370,445,14360,okay
473,429,14370,okay
428,441,14380,okay
489,465,14390,okay
363,369,14400,okay
444,498,14410,okay
337,450,14420,okay
448,544,14430,okay
455,494,14440,okay
482,368,14450,okay
513,485,14460,okay
500,671,14470,okay
370,561,14480,okay
460,489,14490,okay
472,453,14500,okay
446,491,14510,okay
399,512,14520,okay
454,418,14530,okay
452,537,14540,okay
448,493,14550,okay
438,512,14560,okay
509,567,14570,okay
466,508,14580,okay
479,539,14590,okay
439,512,14600,okay
465,471,14610,okay
479,487,14620,okay
469,485,14630,okay
553,524,14640,okay
518,452,14650,okay
430,522,14660,okay
518,548,14670,okay
444,463,14680,okay
393,455,14690,okay
524,451,14700,okay
507,465,14710,okay
491,417,14720,okay
479,325,14730,okay
465,393,14740,okay
535,513,14750,okay
498,551,14760,okay
427,562,14770,okay
521,463,14780,okay
531,419,14790,okay
433,444,14800,okay
448,422,14810,okay
536,462,14820,okay
492,446,14830,okay
383,488,14840,okay
379,471,14850,okay
406,574,14860,okay
520,480,14870,okay
538,432,14880,okay
502,484,14890,okay
488,538,14900,okay
511,489,14910,okay
392,427,14920,okay
468,479,14930,okay
418,595,14940,okay
550,505,14950,okay
478,464,14960,okay
427,478,14970,okay
487,412,14980,okay
491,467,14990,okay
379,431,15000,okay
454,569,15010,okay
502,408,15020,okay
499,397,15030,okay
529,451,15040,okay
470,541,15050,okay
410,405,15060,okay
445,526,15070,okay
399,333,15080,okay
452,502,15090,okay
535,451,15100,okay
454,532,15110,okay
381,455,15120,okay
484,497,15130,okay
449,476,15140,okay
350,442,15150,okay
497,425,15160,okay
477,497,15170,okay
457,483,15180,okay
426,464,15190,okay
505,482,15200,okay
445,486,15210,okay
510,372,15220,okay
532,458,15230,okay
496,534,15240,okay
406,439,15250,okay
460,435,15260,okay
561,432,15270,okay
447,485,15280,okay
414,455,15290,okay
490,458,15300,okay
470,448,15310,okay
399,491,15320,okay
562,475,15330,okay
486,509,15340,okay
411,560,15350,okay
485,556,15360,okay
438,565,15370,okay
513,502,15380,okay
486,462,15390,okay
535,482,15400,okay
376,419,15410,okay
465,490,15420,okay
472,536,15430,okay
377,482,15440,okay
384,513,15450,okay
470,496,15460,okay
431,539,15470,okay
527,504,15480,okay
468,504,15490,okay
439,517,15500,okay
557,528,15510,okay
438,493,15520,okay
410,503,15530,okay
497,381,15540,okay
417,461,15550,okay
460,414,15560,okay
494,487,15570,okay
465,437,15580,okay
527,557,15590,okay
451,444,15600,okay
499,457,15610,okay
468,512,15620,okay
379,541,15630,okay
478,454,15640,okay
470,473,15650,okay
388,549,15660,okay
477,497,15670,okay
522,424,15680,okay
498,461,15690,okay
517,368,15700,okay
470,445,15710,okay
496,498,15720,okay
439,439,15730,okay
469,430,15740,okay
517,456,15750,okay
329,456,15760,okay
423,393,15770,okay
413,480,15780,okay
541,491,15790,okay
445,498,15800,okay
452,440,15810,okay
417,387,15820,okay
455,483,15830,okay
470,454,15840,okay
428,505,15850,okay
409,514,15860,okay
425,437,15870,okay
402,450,15880,okay
524,501,15890,okay
524,501,15900,okay
420,458,15910,okay
436,541,15920,okay
415,520,15930,okay
520,566,15940,okay
455,511,15950,okay
589,444,15960,okay
398,381,15970,okay
511,381,15980,okay
456,497,15990,okay
484,496,16000,okay
486,539,16010,okay
427,441,16020,okay
436,517,16030,okay
520,498,16040,okay
534,416,16050,okay
558,551,16060,okay
512,564,16070,okay
392,449,16080,okay
438,511,16090,okay
423,513,16100,okay
544,510,16110,okay
489,426,16120,okay
433,538,16130,okay
514,473,16140,okay
454,374,16150,okay
422,571,16160,okay
411,485,16170,okay
526,413,16180,okay
485,522,16190,okay
476,619,16200,okay
392,528,16210,okay
467,514,16220,okay
497,439,16230,okay
487,382,16240,okay
506,490,16250,okay
507,528,16260,okay
494,483,16270,okay
431,440,16280,okay
535,547,16290,okay
464,478,16300,okay
430,534,16310,okay
509,573,16320,okay
432,457,16330,okay
487,508,16340,okay
465,432,16350,okay
520,512,16360,okay
430,543,16370,okay
534,482,16380,okay
480,503,16390,okay
432,477,16400,okay
368,519,16410,okay
398,551,16420,okay
459,465,16430,okay
444,461,16440,okay
547,351,16450,okay
540,493,16460,okay
415,422,16470,okay
560,428,16480,okay
418,533,16490,okay
493,429,16500,okay
487,424,16510,okay
531,529,16520,okay
502,494,16530,okay
564,476,16540,okay
417,498,16550,okay
580,425,16560,okay
458,497,16570,okay
473,427,16580,okay
532,592,16590,okay
486,431,16600,okay
398,489,16610,okay
531,500,16620,okay
476,446,16630,okay
421,518,16640,okay
522,399,16650,okay
555,505,16660,okay
546,409,16670,okay
408,469,16680,okay
501,566,16690,okay
511,464,16700,okay
425,538,16710,okay
428,558,16720,okay
462,556,16730,okay
510,469,16740,okay
450,459,16750,okay
498,480,16760,okay
447,468,16770,okay
480,370,16780,okay
499,427,16790,okay
419,392,16800,okay
387,409,16810,okay
441,574,16820,okay
450,485,16830,okay
496,483,16840,okay
472,417,16850,okay
549,567,16860,okay
392,425,16870,okay
462,428,16880,okay
502,440,16890,okay
585,536,16900,okay
487,528,16910,okay
532,448,16920,okay
436,480,16930,okay
520,484,16940,okay
398,436,16950,okay
473,473,16960,okay
575,407,16970,okay
502,551,16980,okay
590,456,16990,okay
501,505,17000,okay
486,472,17010,okay
499,350,17020,okay
511,483,17030,okay
466,579,17040,okay
443,457,17050,okay
576,435,17060,okay
449,469,17070,okay
519,487,17080,okay
412,450,17090,okay
447,473,17100,okay
498,498,17110,okay
388,530,17120,okay
490,546,17130,okay
499,532,17140,okay
500,544,17150,okay
503,472,17160,okay
591,522,17170,okay
506,413,17180,okay
413,492,17190,okay
484,446,17200,okay
484,557,17210,okay
512,420,17220,okay
472,437,17230,okay
458,457,17240,okay
453,414,17250,okay
471,449,17260,okay
331,580,17270,okay
532,458,17280,okay
478,419,17290,okay
562,572,17300,okay
485,529,17310,okay
486,411,17320,okay
457,484,17330,okay
455,467,17340,okay
473,473,17350,okay
480,424,17360,okay
442,413,17370,okay
526,372,17380,okay
535,547,17390,okay
462,347,17400,okay
460,474,17410,okay
427,452,17420,okay
554,511,17430,okay
431,398,17440,okay
461,467,17450,okay
503,451,17460,okay
503,575,17470,okay
519,475,17480,okay
469,460,17490,okay
537,446,17500,okay
480,480,17510,okay
453,409,17520,okay
494,475,17530,okay
503,451,17540,okay
539,434,17550,okay
564,391,17560,okay
500,502,17570,okay
438,499,17580,okay
542,367,17590,okay
503,353,17600,okay
430,560,17610,okay
449,419,17620,okay
468,582,17630,okay
387,426,17640,okay
553,571,17650,okay
473,416,17660,okay
583,558,17670,okay
512,438,17680,okay
476,470,17690,okay
495,551,17700,okay
522,425,17710,okay
547,494,17720,okay
513,552,17730,okay
423,477,17740,okay
452,400,17750,okay
496,604,17760,okay
387,477,17770,okay
511,485,17780,okay
473,414,17790,okay
490,441,17800,okay
369,538,17810,okay
527,481,17820,okay
490,532,17830,okay
490,524,17840,okay
464,544,17850,okay
495,489,17860,okay
415,493,17870,okay
437,447,17880,okay
438,426,17890,okay
585,546,17900,okay
575,418,17910,okay
483,414,17920,okay
444,433,17930,okay
541,459,17940,okay
533,509,17950,okay
594,405,17960,okay
542,537,17970,okay
431,530,17980,okay
496,468,17990,okay
438,443,18000,okay
582,479,18010,okay
518,440,18020,okay
440,533,18030,okay
412,459,18040,okay
481,485,18050,okay
471,499,18060,okay
514,516,18070,okay
430,465,18080,okay
539,524,18090,okay
411,497,18100,okay
381,482,18110,okay
575,432,18120,okay
438,518,18130,okay
403,448,18140,okay
510,448,18150,okay
468,517,18160,okay
501,493,18170,okay
463,498,18180,okay
474,503,18190,okay
455,471,18200,okay
430,478,18210,okay
439,424,18220,okay
493,491,18230,okay
519,459,18240,okay
500,508,18250,okay
502,439,18260,okay
488,498,18270,okay
481,376,18280,okay
488,591,18290,okay
462,444,18300,okay
499,496,18310,okay
540,417,18320,okay
517,510,18330,okay
473,497,18340,okay
532,524,18350,okay
423,521,18360,okay
477,484,18370,okay
484,473,18380,okay
540,476,18390,okay
425,461,18400,okay
490,542,18410,okay
511,438,18420,okay
605,494,18430,okay
545,473,18440,okay
507,523,18450,okay
542,534,18460,okay
524,465,18470,okay
452,498,18480,okay
528,470,18490,okay
534,554,18500,okay
435,439,18510,okay
474,496,18520,okay
455,549,18530,okay
502,483,18540,okay
409,415,18550,okay
495,375,18560,okay
532,473,18570,okay
643,597,18580,okay
472,476,18590,okay
531,566,18600,okay
399,392,18610,okay
450,511,18620,okay
506,535,18630,okay
421,366,18640,okay
524,440,18650,okay
381,489,18660,okay
521,475,18670,okay
459,474,18680,okay
463,414,18690,okay
446,508,18700,okay
498,490,18710,okay
432,473,18720,okay
373,491,18730,okay
553,408,18740,okay
453,498,18750,okay
545,459,18760,okay
447,383,18770,okay
487,584,18780,okay
496,481,18790,okay
498,481,18800,okay
441,523,18810,okay
493,483,18820,okay
433,547,18830,okay
515,455,18840,okay
532,457,18850,okay
443,444,18860,okay
394,506,18870,okay
391,421,18880,okay
379,478,18890,okay
475,466,18900,okay
430,424,18910,okay
506,455,18920,okay
498,438,18930,okay
492,548,18940,okay
512,462,18950,okay
496,471,18960,okay
483,466,18970,okay
475,493,18980,okay
433,432,18990,okay
413,403,19000,okay
422,491,19010,okay
438,509,19020,okay
485,384,19030,okay
516,523,19040,okay
433,504,19050,okay
440,488,19060,okay
420,393,19070,okay
464,477,19080,okay
463,424,19090,okay
463,497,19100,okay
481,492,19110,okay
450,542,19120,okay
425,508,19130,okay
542,507,19140,okay
473,457,19150,okay
535,412,19160,okay
435,464,19170,okay
545,502,19180,okay
435,468,19190,okay
453,448,19200,okay
533,415,19210,okay
564,525,19220,okay
538,461,19230,okay
476,412,19240,okay
458,508,19250,okay
549,428,19260,okay
466,476,19270,okay
414,513,19280,okay
448,474,19290,okay
461,445,19300,okay
484,473,19310,okay
465,448,19320,okay
500,567,19330,okay
491,534,19340,okay
415,492,19350,okay
429,410,19360,okay
447,544,19370,okay
532,496,19380,okay
408,475,19390,okay
499,493,19400,okay
392,440,19410,okay
481,511,19420,okay
375,476,19430,okay
492,527,19440,okay
519,514,19450,okay
445,389,19460,okay
465,535,19470,okay
554,520,19480,okay
506,504,19490,okay
457,478,19500,okay
568,438,19510,okay
566,469,19520,okay
551,415,19530,okay
514,448,19540,okay
414,496,19550,okay
536,443,19560,okay
410,481,19570,okay
481,513,19580,okay
533,482,19590,okay
578,496,19600,okay
468,405,19610,okay
472,469,19620,okay
533,509,19630,okay
426,494,19640,okay
519,562,19650,okay
530,524,19660,okay
489,505,19670,okay
548,419,19680,okay
468,447,19690,okay
505,547,19700,okay
456,366,19710,okay
465,531,19720,okay
513,507,19730,okay
472,422,19740,okay
512,444,19750,okay
595,514,19760,okay
457,455,19770,okay
481,474,19780,okay
542,495,19790,okay
450,581,19800,okay
489,525,19810,okay
456,504,19820,okay
502,392,19830,okay
587,551,19840,okay
466,431,19850,okay
504,491,19860,okay
504,496,19870,okay
512,559,19880,okay
515,434,19890,okay
555,569,19900,okay
644,430,19910,okay
499,383,19920,okay
514,459,19930,okay
583,448,19940,okay
402,463,19950,okay
388,524,19960,okay
384,488,19970,okay
383,471,19980,okay
569,505,19990,okay
444,485,20000,okay
488,511,20010,okay
419,517,20020,okay
352,456,20030,okay
463,519,20040,okay
488,417,20050,okay
438,497,20060,okay
483,458,20070,okay
463,522,20080,okay
462,483,20090,okay
596,416,20100,okay
395,527,20110,okay
454,472,20120,okay
449,475,20130,okay
568,528,20140,okay
531,417,20150,okay
430,346,20160,okay
447,536,20170,okay
514,477,20180,okay
487,453,20190,okay
498,526,20200,okay
407,503,20210,okay
535,467,20220,okay
523,629,20230,okay
483,508,20240,okay
451,497,20250,okay
511,498,20260,okay
437,499,20270,okay
561,511,20280,okay
536,477,20290,okay
526,502,20300,okay
441,504,20310,okay
439,457,20320,okay
498,503,20330,okay
429,541,20340,okay
517,453,20350,okay
412,481,20360,okay
466,494,20370,okay
471,388,20380,okay
469,474,20390,okay
521,454,20400,okay
573,393,20410,okay
555,478,20420,okay
532,493,20430,okay
546,470,20440,okay
434,560,20450,okay
483,500,20460,okay
551,438,20470,okay
519,460,20480,okay
483,493,20490,okay
414,450,20500,okay
557,534,20510,okay
486,502,20520,okay
475,557,20530,okay
480,501,20540,okay
547,451,20550,okay
568,413,20560,okay
571,471,20570,okay
478,395,20580,okay
467,438,20590,okay
459,483,20600,okay
538,500,20610,okay
505,435,20620,okay
446,580,20630,okay
453,573,20640,okay
478,490,20650,okay
544,554,20660,okay
485,471,20670,okay
487,507,20680,okay
535,490,20690,okay
521,572,20700,okay
509,506,20710,okay
414,359,20720,okay
510,486,20730,okay
465,503,20740,okay
488,547,20750,okay
495,453,20760,okay
540,480,20770,okay
517,467,20780,okay
458,495,20790,okay
491,515,20800,okay
477,399,20810,okay
469,531,20820,okay
476,479,20830,okay
540,455,20840,okay
414,483,20850,okay
467,443,20860,okay
482,516,20870,okay
491,507,20880,okay
582,474,20890,okay
505,466,20900,okay
449,462,20910,okay
467,509,20920,okay
609,456,20930,okay
471,488,20940,okay
511,505,20950,okay
556,370,20960,okay
372,467,20970,okay
547,413,20980,okay
341,520,20990,okay
504,437,21000,okay
443,443,21010,okay
497,461,21020,okay
517,349,21030,okay
449,436,21040,okay
479,465,21050,okay
532,399,21060,okay
494,520,21070,okay
585,468,21080,okay
508,402,21090,okay
373,535,21100,okay
492,551,21110,okay
424,518,21120,okay
586,513,21130,okay
506,493,21140,okay
414,560,21150,okay
462,518,21160,okay
415,434,21170,okay
564,475,21180,okay
565,489,21190,okay
401,537,21200,okay
463,528,21210,okay
494,416,21220,okay
501,603,21230,okay
518,490,21240,okay
547,504,21250,okay
504,439,21260,okay
505,545,21270,okay
451,564,21280,okay
489,449,21290,okay
543,479,21300,okay
531,479,21310,okay
490,518,21320,okay
508,394,21330,okay
437,540,21340,okay
487,467,21350,okay
426,440,21360,okay
393,489,21370,okay
464,445,21380,okay
490,512,21390,okay
598,418,21400,okay
552,543,21410,okay
455,504,21420,okay
471,503,21430,okay
569,524,21440,okay
520,473,21450,okay
420,484,21460,okay
555,418,21470,okay
441,501,21480,okay
445,455,21490,okay
473,426,21500,okay
446,530,21510,okay
429,415,21520,okay
463,531,21530,okay
485,471,21540,okay
497,407,21550,okay
519,514,21560,okay
474,545,21570,okay
438,551,21580,okay
503,478,21590,okay
494,489,21600,okay
556,441,21610,okay
457,547,21620,okay
465,540,21630,okay
580,475,21640,okay
529,437,21650,okay
533,505,21660,okay
519,463,21670,okay
412,520,21680,okay
392,479,21690,okay
542,505,21700,okay
593,547,21710,okay
463,497,21720,okay
493,416,21730,okay
449,468,21740,okay
394,498,21750,okay
483,412,21760,okay
516,532,21770,okay
507,480,21780,okay
525,530,21790,okay
511,455,21800,okay
510,556,21810,okay
466,601,21820,okay
470,498,21830,okay
462,507,21840,okay
409,469,21850,okay
442,503,21860,okay
546,529,21870,okay
378,598,21880,okay
511,458,21890,okay
504,505,21900,okay
463,506,21910,okay
466,476,21920,okay
462,425,21930,okay
504,526,21940,okay
522,538,21950,okay
513,470,21960,okay
539,429,21970,okay
452,449,21980,okay
551,544,21990,okay
521,551,22000,okay
453,514,22010,okay
491,539,22020,okay
491,478,22030,okay
524,541,22040,okay
464,494,22050,okay
444,372,22060,okay
507,528,22070,okay
510,400,22080,okay
480,386,22090,okay
566,443,22100,okay
560,545,22110,okay
453,441,22120,okay
515,455,22130,okay
503,474,22140,okay
409,386,22150,okay
509,470,22160,okay
470,533,22170,okay
557,484,22180,okay
481,523,22190,okay
430,509,22200,okay
526,532,22210,okay
401,460,22220,okay
454,503,22230,okay
522,573,22240,okay
473,473,22250,okay
556,513,22260,okay
562,513,22270,okay
441,432,22280,okay
421,532,22290,okay
558,591,22300,okay
541,557,22310,okay
470,441,22320,okay
541,520,22330,okay
504,518,22340,okay
515,563,22350,okay
564,526,22360,okay
541,525,22370,okay
476,537,22380,okay
429,552,22390,okay
439,513,22400,okay
457,527,22410,okay
497,419,22420,okay
520,470,22430,okay
543,499,22440,okay
519,451,22450,okay
470,476,22460,okay
542,583,22470,okay
459,553,22480,okay
391,440,22490,okay
452,432,22500,okay
420,520,22510,okay
489,519,22520,okay
534,513,22530,okay
533,496,22540,okay
440,553,22550,okay
470,453,22560,okay
491,454,22570,okay
479,517,22580,okay
517,455,22590,okay
476,554,22600,okay
525,604,22610,okay
559,557,22620,okay
431,538,22630,okay
498,473,22640,okay
509,548,22650,okay
525,456,22660,okay
538,469,22670,okay
511,485,22680,okay
490,539,22690,okay
449,598,22700,okay
410,471,22710,okay
519,530,22720,okay
496,498,22730,okay
521,489,22740,okay
571,543,22750,okay
545,453,22760,okay
497,486,22770,okay
451,519,22780,okay
474,534,22790,okay
448,587,22800,okay
456,512,22810,okay
541,473,22820,okay
544,440,22830,okay
574,502,22840,okay
472,486,22850,okay
542,472,22860,okay
464,490,22870,okay
443,593,22880,okay
473,543,22890,okay
512,452,22900,okay
501,541,22910,okay
492,561,22920,okay
553,548,22930,okay
479,448,22940,okay
471,512,22950,okay
529,393,22960,okay
502,510,22970,okay
488,567,22980,okay
523,568,22990,okay
491,549,23000,okay
584,568,23010,okay
448,490,23020,okay
485,527,23030,okay
537,460,23040,okay
506,401,23050,okay
575,477,23060,okay
505,487,23070,okay
560,361,23080,okay
502,497,23090,okay
480,589,23100,okay
458,541,23110,okay
521,566,23120,okay
469,466,23130,okay
558,524,23140,okay
426,476,23150,okay
522,545,23160,okay
469,357,23170,okay
529,442,23180,okay
402,362,23190,okay
544,510,23200,okay
492,573,23210,okay
535,584,23220,okay
434,502,23230,okay
423,492,23240,okay
491,535,23250,okay
506,535,23260,okay
539,611,23270,okay
488,457,23280,okay
516,464,23290,okay
578,490,23300,okay
475,480,23310,okay
540,496,23320,okay
472,587,23330,okay
461,506,23340,okay
537,422,23350,okay
528,451,23360,okay
545,456,23370,okay
539,559,23380,okay
547,517,23390,okay
493,475,23400,okay
578,469,23410,okay
452,538,23420,okay
465,457,23430,okay
432,480,23440,okay
500,517,23450,okay
552,531,23460,okay
495,495,23470,okay
530,568,23480,okay
511,481,23490,okay
455,432,23500,okay
538,534,23510,okay
534,498,23520,okay
575,481,23530,okay
553,503,23540,okay
475,535,23550,okay
526,523,23560,okay
509,503,23570,okay
625,564,23580,okay
541,511,23590,okay
556,531,23600,okay
507,490,23610,okay
501,347,23620,okay
516,481,23630,okay
585,506,23640,okay
446,503,23650,okay
453,529,23660,okay
520,553,23670,okay
466,507,23680,okay
437,541,23690,okay
532,531,23700,okay
506,527,23710,okay
586,492,23720,okay
513,452,23730,okay
463,511,23740,okay
561,493,23750,okay
494,486,23760,okay
479,521,23770,okay
431,570,23780,okay
473,542,23790,okay
443,540,23800,okay
540,526,23810,okay
457,519,23820,okay
447,494,23830,okay
558,546,23840,okay
507,458,23850,okay
539,508,23860,okay
391,546,23870,okay
505,567,23880,okay
452,348,23890,okay
521,521,23900,okay
422,458,23910,okay
645,492,23920,okay
543,474,23930,okay
402,498,23940,okay
494,487,23950,okay
501,520,23960,okay
500,444,23970,okay
531,410,23980,okay
405,544,23990,okay
533,504,24000,okay
438,472,24010,okay
494,428,24020,okay
470,540,24030,okay
579,486,24040,okay
545,412,24050,okay
541,467,24060,okay
523,495,24070,okay
574,464,24080,okay
539,494,24090,okay
500,499,24100,okay
466,507,24110,okay
505,520,24120,okay
512,548,24130,okay
554,455,24140,okay
551,449,24150,okay
537,539,24160,okay
413,513,24170,okay
485,470,24180,okay
576,476,24190,okay
468,512,24200,okay
543,501,24210,okay
567,535,24220,okay
399,482,24230,okay
480,532,24240,okay
377,636,24250,okay
535,516,24260,okay
568,626,24270,okay
552,556,24280,okay
515,502,24290,okay
485,467,24300,okay
474,441,24310,okay
505,425,24320,okay
518,507,24330,okay
516,483,24340,okay
663,577,24350,okay
447,521,24360,okay
479,458,24370,okay
442,531,24380,okay
475,558,24390,okay
559,578,24400,okay
467,533,24410,okay
541,486,24420,okay
471,590,24430,okay
521,541,24440,okay
468,449,24450,okay
481,503,24460,okay
456,509,24470,okay
425,454,24480,okay
543,540,24490,okay
490,459,24500,okay
458,491,24510,okay
542,556,24520,okay
485,452,24530,okay
523,469,24540,okay
484,576,24550,okay
551,518,24560,okay
446,521,24570,okay
563,491,24580,okay
578,575,24590,okay
593,525,24600,okay
540,581,24610,okay
533,485,24620,okay
488,522,24630,okay
446,503,24640,okay
565,401,24650,okay
587,567,24660,okay
488,538,24670,okay
511,572,24680,okay
560,441,24690,okay
540,500,24700,okay
515,474,24710,okay
598,563,24720,okay
474,444,24730,okay
492,533,24740,okay
523,574,24750,okay
550,559,24760,okay
527,442,24770,okay
501,564,24780,okay
508,536,24790,okay
495,460,24800,okay
505,527,24810,okay
478,499,24820,okay
464,567,24830,okay
497,584,24840,okay
588,507,24850,okay
461,407,24860,okay
438,443,24870,okay
580,517,24880,okay
531,401,24890,okay
452,556,24900,okay
526,504,24910,okay
540,593,24920,okay
501,515,24930,okay
521,631,24940,okay
407,546,24950,okay
506,540,24960,okay
479,509,24970,okay
548,668,24980,okay
552,470,24990,okay
491,489,25000,okay
422,496,25010,okay
549,448,25020,okay
565,537,25030,okay
476,505,25040,okay
592,549,25050,okay
513,500,25060,okay
516,487,25070,okay
407,615,25080,okay
520,532,25090,okay
510,476,25100,okay
503,433,25110,okay
626,451,25120,okay
461,491,25130,okay
577,513,25140,okay
451,575,25150,okay
549,540,25160,okay
549,633,25170,okay
622,479,25180,okay
594,532,25190,okay
538,428,25200,okay
504,472,25210,okay
554,567,25220,okay
409,512,25230,okay
569,504,25240,okay
550,531,25250,okay
530,500,25260,okay
452,457,25270,okay
549,514,25280,okay
506,492,25290,okay
498,566,25300,okay
497,446,25310,okay
551,503,25320,okay
515,594,25330,okay
513,528,25340,okay
455,503,25350,okay
544,436,25360,okay
524,519,25370,okay
516,566,25380,okay
530,588,25390,okay
464,521,25400,okay
518,460,25410,okay
562,630,25420,okay
513,539,25430,okay
518,478,25440,okay
423,479,25450,okay
444,599,25460,okay
508,497,25470,okay
559,458,25480,okay
476,518,25490,okay
566,539,25500,okay
527,518,25510,okay
534,524,25520,okay
463,517,25530,okay
461,518,25540,okay
490,641,25550,okay
512,444,25560,okay
508,540,25570,okay
598,485,25580,okay
435,555,25590,okay
446,493,25600,okay
502,511,25610,okay
549,481,25620,okay
501,514,25630,okay
522,520,25640,okay
537,557,25650,okay
535,538,25660,okay
436,517,25670,okay
539,551,25680,okay
480,482,25690,okay
486,542,25700,okay
567,495,25710,okay
561,521,25720,okay
509,505,25730,okay
553,532,25740,okay
629,473,25750,okay
541,489,25760,okay
472,515,25770,okay
522,661,25780,okay
506,459,25790,okay
529,412,25800,okay
511,516,25810,okay
555,564,25820,okay
490,508,25830,okay
477,459,25840,okay
531,452,25850,okay
495,466,25860,okay
543,606,25870,okay
451,423,25880,okay
510,517,25890,okay
527,494,25900,okay
506,534,25910,okay
568,418,25920,okay
498,527,25930,okay
470,603,25940,okay
484,514,25950,okay
544,487,25960,okay
424,495,25970,okay
568,499,25980,okay
474,563,25990,okay
500,491,26000,okay
524,555,26010,okay
635,558,26020,okay
574,491,26030,okay
465,520,26040,okay
522,463,26050,okay
508,536,26060,okay
535,542,26070,okay
531,491,26080,okay
491,457,26090,okay
606,517,26100,okay
505,470,26110,okay
664,463,26120,okay
495,538,26130,okay
547,565,26140,okay
607,542,26150,okay
464,504,26160,okay
532,620,26170,okay
447,577,26180,okay
526,559,26190,okay
512,475,26200,okay
555,550,26210,okay
566,516,26220,okay
487,439,26230,okay
558,538,26240,okay
469,490,26250,okay
494,443,26260,okay
476,461,26270,okay
497,480,26280,okay
436,618,26290,okay
580,478,26300,okay
531,538,26310,okay
577,477,26320,okay
572,490,26330,okay
451,554,26340,okay
582,647,26350,okay
458,553,26360,okay
497,557,26370,okay
444,455,26380,okay
479,522,26390,okay
486,551,26400,okay
569,548,26410,okay
599,539,26420,okay
457,586,26430,okay
488,563,26440,okay
597,541,26450,okay
443,472,26460,okay
584,510,26470,okay
522,556,26480,okay
553,532,26490,okay
508,502,26500,okay
561,546,26510,okay
505,572,26520,okay
512,476,26530,okay
480,469,26540,okay
505,580,26550,okay
478,528,26560,okay
486,505,26570,okay
443,507,26580,okay
509,545,26590,okay
530,459,26600,okay
573,529,26610,okay
528,518,26620,okay
493,529,26630,okay
542,431,26640,okay
492,506,26650,okay
531,578,26660,okay
480,494,26670,okay
493,479,26680,okay
501,557,26690,okay
466,540,26700,okay
434,491,26710,okay
502,603,26720,okay
505,409,26730,okay
419,521,26740,okay
550,538,26750,okay
527,577,26760,okay
492,564,26770,okay
437,474,26780,okay
429,505,26790,okay
517,525,26800,okay
522,473,26810,okay
510,444,26820,okay
587,504,26830,okay
495,599,26840,okay
457,463,26850,okay
465,516,26860,okay
541,556,26870,okay
648,407,26880,okay
550,492,26890,okay
490,488,26900,okay
474,604,26910,okay
562,521,26920,okay
587,444,26930,okay
453,411,26940,okay
485,528,26950,okay
525,527,26960,okay
449,560,26970,okay
532,556,26980,okay
425,535,26990,okay
460,500,27000,okay
547,524,27010,okay
477,520,27020,okay
443,577,27030,okay
510,576,27040,okay
494,494,27050,okay
482,564,27060,okay
484,552,27070,okay
501,421,27080,okay
492,461,27090,okay
522,461,27100,okay
566,516,27110,okay
511,553,27120,okay
568,519,27130,okay
482,431,27140,okay
486,489,27150,okay
526,503,27160,okay
555,490,27170,okay
517,579,27180,okay
537,517,27190,okay
490,489,27200,okay
478,493,27210,okay
558,509,27220,okay
453,609,27230,okay
536,450,27240,okay
498,526,27250,okay
606,465,27260,okay
569,591,27270,okay
489,507,27280,okay
469,510,27290,okay
519,554,27300,okay
575,483,27310,okay
422,520,27320,okay
535,533,27330,okay
504,527,27340,okay
597,540,27350,okay
502,496,27360,okay
512,603,27370,okay
512,520,27380,okay
497,576,27390,okay
619,543,27400,okay
525,523,27410,okay
402,558,27420,okay
528,542,27430,okay
485,502,27440,okay
500,572,27450,okay
502,625,27460,okay
543,457,27470,okay
515,489,27480,okay
411,601,27490,okay
556,548,27500,okay
529,452,27510,okay
497,563,27520,okay
469,395,27530,okay
510,514,27540,okay
528,558,27550,okay
553,534,27560,okay
581,445,27570,okay
547,553,27580,okay
459,446,27590,okay
484,488,27600,okay
559,491,27610,okay
479,491,27620,okay
577,522,27630,okay
513,516,27640,okay
586,484,27650,okay
587,532,27660,okay
514,647,27670,okay
469,504,27680,okay
460,569,27690,okay
606,605,27700,okay
583,512,27710,okay
503,438,27720,okay
624,545,27730,okay
497,588,27740,okay
473,542,27750,okay
513,554,27760,okay
519,449,27770,okay
526,574,27780,okay
520,561,27790,okay
470,521,27800,okay
491,559,27810,okay
524,556,27820,okay
576,557,27830,okay
536,472,27840,okay
522,495,27850,okay
505,503,27860,okay
473,424,27870,okay
489,532,27880,okay
455,523,27890,okay
617,573,27900,okay
604,542,27910,okay
581,486,27920,okay
490,385,27930,okay
582,599,27940,okay
495,510,27950,okay
485,541,27960,okay
579,435,27970,okay
543,508,27980,okay
528,545,27990,okay
513,517,28000,okay
512,571,28010,okay
543,533,28020,okay
459,503,28030,okay
567,524,28040,okay
555,611,28050,okay
574,527,28060,okay
497,395,28070,okay
514,506,28080,okay
542,515,28090,okay
507,434,28100,okay
476,546,28110,okay
608,518,28120,okay
539,570,28130,okay
482,541,28140,okay
486,566,28150,okay
530,538,28160,okay
484,558,28170,okay
627,472,28180,okay
506,534,28190,okay
562,495,28200,okay
381,591,28210,okay
561,436,28220,okay
492,601,28230,okay
595,570,28240,okay
514,527,28250,okay
516,579,28260,okay
479,483,28270,okay
573,521,28280,okay
592,489,28290,okay
520,477,28300,okay
523,449,28310,okay
499,451,28320,okay
558,559,28330,okay
437,590,28340,okay
648,525,28350,okay
491,664,28360,okay
457,524,28370,okay
532,590,28380,okay
541,498,28390,okay
476,506,28400,okay
473,526,28410,okay
495,448,28420,okay
586,498,28430,okay
460,515,28440,okay
527,436,28450,okay
540,471,28460,okay
609,549,28470,okay
503,486,28480,okay
518,554,28490,okay
522,512,28500,okay
526,493,28510,okay
506,419,28520,okay
572,538,28530,okay
485,618,28540,okay
528,472,28550,okay
566,543,28560,okay
543,502,28570,okay
546,510,28580,okay
551,428,28590,okay
502,610,28600,okay
485,493,28610,okay
501,463,28620,okay
413,512,28630,okay
530,521,28640,okay
516,526,28650,okay
575,514,28660,okay
495,509,28670,okay
553,594,28680,okay
492,529,28690,okay
541,474,28700,okay
525,450,28710,okay
435,542,28720,okay
504,534,28730,okay
523,475,28740,okay
521,462,28750,okay
593,456,28760,okay
514,472,28770,okay
552,507,28780,okay
498,566,28790,okay
525,550,28800,okay
475,453,28810,okay
529,508,28820,okay
555,520,28830,okay
534,443,28840,okay
618,516,28850,okay
559,482,28860,okay
539,459,28870,okay
546,506,28880,okay
525,559,28890,okay
462,490,28900,okay
547,629,28910,okay
517,553,28920,okay
519,621,28930,okay
437,529,28940,okay
443,399,28950,okay
539,531,28960,okay
510,519,28970,okay
679,511,28980,okay
549,491,28990,okay
539,512,29000,okay
503,615,29010,okay
583,531,29020,okay
409,506,29030,okay
659,512,29040,okay
579,596,29050,okay
535,482,29060,okay
402,558,29070,okay
483,533,29080,okay
462,511,29090,okay
526,537,29100,okay
468,584,29110,okay
494,440,29120,okay
519,526,29130,okay
532,592,29140,okay
512,518,29150,okay
469,565,29160,okay
533,503,29170,okay
429,596,29180,okay
463,495,29190,okay
542,464,29200,okay
449,418,29210,okay
560,497,29220,okay
671,474,29230,okay
478,496,29240,okay
536,501,29250,okay
555,475,29260,okay
455,434,29270,okay
413,498,29280,okay
509,493,29290,okay
586,586,29300,okay
508,435,29310,okay
496,494,29320,okay
491,489,29330,okay
492,505,29340,okay
492,535,29350,okay
542,479,29360,okay
588,475,29370,okay
443,543,29380,okay
483,540,29390,okay
404,594,29400,okay
558,449,29410,okay
450,608,29420,okay
487,483,29430,okay
411,507,29440,okay
513,560,29450,okay
454,448,29460,okay
547,575,29470,okay
446,578,29480,okay
526,579,29490,okay
521,398,29500,okay
517,577,29510,okay
480,505,29520,okay
516,379,29530,okay
608,479,29540,okay
550,520,29550,okay
587,545,29560,okay
513,480,29570,okay
564,431,29580,okay
557,469,29590,okay
587,532,29600,okay
557,529,29610,okay
437,481,29620,okay
558,533,29630,okay
583,545,29640,okay
476,485,29650,okay
530,409,29660,okay
608,547,29670,okay
586,445,29680,okay
587,636,29690,okay
458,563,29700,okay
525,447,29710,okay
549,566,29720,okay
494,583,29730,okay
441,450,29740,okay
531,526,29750,okay
489,565,29760,okay
551,567,29770,okay
518,555,29780,okay
502,627,29790,okay
484,630,29800,okay
526,456,29810,okay
593,531,29820,okay
567,586,29830,okay
541,495,29840,okay
573,525,29850,okay
559,417,29860,okay
547,493,29870,okay
607,556,29880,okay
536,549,29890,okay
475,606,29900,okay
624,544,29910,okay
604,496,29920,okay
485,527,29930,okay
546,505,29940,okay
551,540,29950,okay
475,550,29960,okay
568,533,29970,okay
582,464,29980,okay
548,466,29990,okay
