time,rms_ch1,rms_ch2,mav_ch1,mav_ch2,mse_ch1,mse_ch2,label
495.0,0.609791000717815,0.5905228201908727,0.5293877551020403,0.5161224489795926,0.37184506455643423,0.34871720116618166,clenched
595.0,0.6051183877751991,0.5767644459879349,0.535306122448979,0.5051020408163274,0.3661682632236562,0.3326572261557695,clenched
695.0,0.5816111703873701,0.5848461175880457,0.5095918367346932,0.5108163265306129,0.33827155351936644,0.34204498125781024,clenched
795.0,0.5726190223639193,0.5921814618834487,0.4948979591836728,0.5195918367346947,0.3278925447730107,0.35067888379841833,clenched
895.0,0.5660791884946957,0.5973529001327109,0.4855102040816321,0.5222448979591845,0.32044564764681327,0.3568304872969605,clenched
995.0,0.5692524160711411,0.5929967519768224,0.4893877551020402,0.5179591836734702,0.3240483132028315,0.3516451478550611,clenched
1095.0,0.5850312450496106,0.6038126814410703,0.5030612244897952,0.5330612244897966,0.34226155768429756,0.3645897542690553,clenched
1195.0,0.5955967821133741,0.5842903832670387,0.5146938775510198,0.5100000000000007,0.354735526863806,0.3413952519783431,clenched
1295.0,0.588689733078953,0.5834165268614508,0.50204081632653,0.5032653061224497,0.34655560183256895,0.34037484381507793,clenched
1395.0,0.5900006706241461,0.5718183801625414,0.5034693877551013,0.49000000000000077,0.34810079133694216,0.32697625989171264,clenched
1495.0,0.5691719289588177,0.5706955940410732,0.4840816326530606,0.4883673469387763,0.32395668471470146,0.3256934610578934,clenched
1595.0,0.5612133579601007,0.5658032147318687,0.4648979591836728,0.4795918367346947,0.3149604331528522,0.32013327780091705,clenched
1695.0,0.565114533215888,0.5773454599212064,0.46673469387755034,0.48816326530612314,0.31935443565181104,0.3333277800916294,clenched
1795.0,0.5844543085795147,0.5777420899781138,0.48428571428571354,0.48897959183673545,0.3415868388171587,0.33378592253227896,clenched
1895.0,0.5828201268758177,0.5786173181239799,0.4846938775510198,0.49244897959183753,0.3396793002915443,0.33479800083298694,clenched
1995.0,0.5991212501543448,0.5848888445107784,0.5006122448979585,0.49489795918367413,0.358946272386505,0.34209496043315346,clenched
2095.0,0.597527182528871,0.5797822337457956,0.49816326530612187,0.48836734693877615,0.3570387338608908,0.33614743856726437,clenched
2195.0,0.5893225980152507,0.6121632598632205,0.4863265306122444,0.5265306122448987,0.34730112453144474,0.3747438567263648,clenched
2295.0,0.5782825107368135,0.614285714285715,0.472244897959183,0.5369387755102047,0.33441066222407284,0.377346938775511,clenched
2395.0,0.5679705866110585,0.6264175926779946,0.46857142857142803,0.5471428571428578,0.32259058725530987,0.3923990004164939,clenched
2495.0,0.5820514067216387,0.6417969878352003,0.48367346938775446,0.5669387755102049,0.3387838400666384,0.4119033735943363,clenched
2595.0,0.5765622169412113,0.6417158641582505,0.48428571428571376,0.5704081632653067,0.3324239900041644,0.41179925031237025,clenched
2695.0,0.5773598876062852,0.6297464501053118,0.48734693877550955,0.5634693877551027,0.33334443981674233,0.39658059142024205,clenched
2795.0,0.5665167909859077,0.6211562353557812,0.4804081632653056,0.5491836734693883,0.32094127446897064,0.38583506872136675,clenched
2895.0,0.5832023216160567,0.5905122406625839,0.501632653061224,0.5118367346938782,0.34012494793835835,0.34870470637234546,clenched
2995.0,0.5689560209447319,0.5909070812535188,0.4838775510204076,0.517551020408164,0.3237109537692622,0.34917117867555264,clenched
3095.0,0.5578787096916287,0.5843687880666395,0.4681632653061218,0.5108163265306129,0.31122865472719646,0.3414868804664731,clenched
3195.0,0.5620957985941252,0.5486950176622082,0.4693877551020402,0.47265306122449047,0.31595168679716734,0.30106622240733094,clenched
3295.0,0.5620179919186894,0.5525262869697576,0.4724489795918361,0.4740816326530619,0.31586422324031604,0.30528529779258695,clenched
3395.0,0.5701845058214783,0.562392106363042,0.4797959183673464,0.4861224489795925,0.3251103706788834,0.3162848812994592,clenched
3495.0,0.5713739040905857,0.5440144178210431,0.4810204081632646,0.4718367346938783,0.3264681382757179,0.2959516867971685,clenched
3595.0,0.5887251066035452,0.5413089785378878,0.4995918367346932,0.4667346938775518,0.34659725114535556,0.2930154102457316,clenched
3695.0,0.5986135584998259,0.5363892735020254,0.5071428571428566,0.4661224489795926,0.35833819241982445,0.2877134527280306,clenched
3795.0,0.595512861752892,0.5479620339681889,0.5065306122448971,0.477755102040817,0.354635568513119,0.30026239067055455,clenched
3895.0,0.5924099968193716,0.5576024119501087,0.498979591836734,0.4906122448979599,0.3509496043315278,0.31092044981257877,clenched
3995.0,0.5900324361579201,0.5534940696441075,0.5020408163265299,0.48367346938775585,0.34813827571845013,0.3063556851311961,clenched
4095.0,0.5908224947688299,0.5571802334775464,0.5093877551020402,0.4834693877551027,0.349071220324864,0.3104498125780931,clenched
4195.0,0.5860732740442421,0.5699287898407837,0.5065306122448973,0.4961224489795925,0.3434818825489373,0.3248188254893801,clenched
4295.0,0.5981089176600048,0.5554770641946567,0.5204081632653054,0.4759183673469394,0.3577342773844224,0.3085547688463147,clenched
4395.0,0.5986935658909598,0.5411512247637509,0.5216326530612239,0.4587755102040822,0.35843398583923297,0.2928446480633076,clenched
4495.0,0.6021687861226487,0.5483647266063799,0.5261224489795913,0.46265306122449046,0.3626072469804242,0.3007038733860898,clenched
4595.0,0.5891847691612352,0.560481883463652,0.508979591836734,0.4700000000000007,0.347138692211578,0.31413994169096277,clenched
4695.0,0.59603717015377,0.5703999488291737,0.5199999999999994,0.47428571428571503,0.35526030820491417,0.32535610162432393,clenched
4795.0,0.5999236380672706,0.5637641978733949,0.5261224489795913,0.46795918367347,0.3599083715118695,0.3178300708038324,clenched
4895.0,0.5920513333665479,0.5750758239125054,0.5226530612244892,0.4767346938775517,0.35052478134110726,0.33071220324864703,clenched
4995.0,0.5888276778077232,0.5715342467883959,0.5181632653061219,0.47244897959183746,0.34671803415243585,0.32665139525197906,clenched
5095.0,0.608067380470292,0.5586769639253308,0.5395918367346934,0.46122448979591923,0.3697459391920028,0.31211995002082543,clenched
5195.0,0.600260251762431,0.5446341943582934,0.5340816326530606,0.44489795918367425,0.3603123698458971,0.29662640566430737,clenched
5295.0,0.5976421810691458,0.5625439036038729,0.5375510204081627,0.46673469387755184,0.3571761765930856,0.31645564348188343,clenched
5395.0,0.5929581212960953,0.5803566382594809,0.5320408163265301,0.48714285714285793,0.3515993336109948,0.336813827571846,clenched
5495.0,0.6080845038712925,0.5843010754501304,0.5491836734693872,0.49306122448979667,0.369766763848396,0.341407746772179,clenched
5595.0,0.6063319915401248,0.5825377848007233,0.5510204081632648,0.4979591836734702,0.3676384839650141,0.33935027072053375,clenched
5695.0,0.5934320511512757,0.5898241642837396,0.5391836734693871,0.5042857142857151,0.35216159933361035,0.3478925447730119,clenched
5795.0,0.5830130415184476,0.6064933929855387,0.5210204081632647,0.5246938775510213,0.33990420658059106,0.3678342357351111,clenched
5895.0,0.5796313582386313,0.600426753690467,0.5161224489795913,0.5230612244897967,0.33597251145356055,0.36051228654727274,clenched
5995.0,0.5892731246998658,0.5920442985778609,0.5255102040816321,0.5153061224489803,0.34724281549354363,0.3505164514785513,clenched
6095.0,0.5683224618630328,0.6095484840729674,0.4975510204081627,0.5300000000000008,0.32299042065805844,0.37154935443565257,clenched
6195.0,0.5680549099116371,0.6289291322513371,0.4965306122448973,0.5518367346938784,0.3226863806747181,0.3955518533944199,clenched
6295.0,0.5730952370858718,0.6308235561685035,0.4942857142857136,0.5553061224489803,0.3284381507705117,0.39793835901707714,clenched
6395.0,0.57586832105844,0.6184111252772891,0.49489795918367285,0.5440816326530621,0.3316243231986665,0.382432319866723,clenched
6495.0,0.5573446595728283,0.6257290624877644,0.47081632653061156,0.5453061224489804,0.3106330695543518,0.39153685964181656,clenched
6595.0,0.5616028409268502,0.6173832001494208,0.4744897959183667,0.5279591836734702,0.315397750937109,0.38116201582673975,clenched
6695.0,0.5547079933930945,0.6153831136046783,0.4651020408163259,0.5246938775510211,0.30770095793419344,0.37869637650978843,clenched
6795.0,0.5574530048007923,0.6059540754251642,0.4697959183673463,0.5134693877551028,0.3107538525614321,0.36718034152436557,clenched
6895.0,0.5653098062209596,0.604374584233547,0.47469387755101977,0.5120408163265313,0.3195751770095789,0.3652686380674728,clenched
6995.0,0.5562375840375013,0.6103337518356154,0.46306122448979536,0.5238775510204089,0.30940024989587633,0.37250728862973864,clenched
7095.0,0.5652729674208671,0.602469580976224,0.4722448979591831,0.5202040816326537,0.31953352769679266,0.362969596001667,clenched
7195.0,0.5576322885762686,0.6012862791585836,0.46571428571428514,0.5214285714285722,0.3109537692628068,0.3615451895043741,clenched
7295.0,0.5489226888042139,0.6165461157688357,0.4563265306122443,0.5348979591836742,0.30131611828404786,0.38012911286963846,clenched
7395.0,0.5600767484743412,0.6305990355924516,0.4661224489795912,0.5471428571428578,0.31368596418159045,0.39765514369013,clenched
7495.0,0.5553270852346103,0.6165258496461983,0.465306122448979,0.5344897959183681,0.3083881715951681,0.38010412328196663,clenched
7595.0,0.5453831058943046,0.6118331949088226,0.4538775510204076,0.5357142857142864,0.2974427321949183,0.37433985839233735,clenched
7695.0,0.5560241440917777,0.6019404966572989,0.46816326530612196,0.5265306122448986,0.309162848812994,0.36233236151603565,clenched
7795.0,0.5630434345629985,0.6103201036379383,0.48122448979591764,0.5357142857142864,0.31701790920449757,0.37249062890462376,clenched
7895.0,0.5598424541878158,0.6026838489132937,0.4765306122448974,0.5263265306122455,0.31342357351103656,0.36322782174094187,clenched
7995.0,0.5754342112224737,0.609668046587981,0.4932653061224484,0.5297959183673475,0.3311245314452306,0.3716951270304046,clenched
8095.0,0.5513679931679434,0.6070425230078139,0.465306122448979,0.525102040816327,0.3040066638900452,0.36850062473969225,clenched
8195.0,0.5677908995595621,0.6084987432469452,0.4830612244897954,0.5269387755102047,0.3223865056226567,0.3702707205331118,clenched
8295.0,0.5697131686594048,0.5934425786269868,0.4873469387755096,0.5189795918367354,0.32457309454393946,0.35217409412744743,clenched
8395.0,0.556768955795348,0.5841691915146412,0.47693877551020364,0.5148979591836741,0.3099916701374422,0.3412536443148695,clenched
8495.0,0.5523717367952147,0.5915023686018862,0.472244897959183,0.5189795918367354,0.30511453561016194,0.34987505206164166,clenched
8595.0,0.5663734122900757,0.6087177310830895,0.4867346938775505,0.5387755102040823,0.32077884214910396,0.37053727613494447,clenched
8695.0,0.5670458751927343,0.6191717002057622,0.48326530612244845,0.5534693877551028,0.32154102457309397,0.3833735943356942,clenched
8795.0,0.57066640133064,0.6005550674206174,0.4859183673469383,0.5306122448979599,0.325660141607663,0.36066638900458226,clenched
8895.0,0.5616844126600264,0.5988083404324204,0.47693877551020347,0.5230612244897965,0.31548937942523886,0.3585714285714295,clenched
8995.0,0.5475400289464003,0.5864924078279425,0.45632653061224426,0.5077551020408171,0.2998000832986249,0.34397334443981764,clenched
9095.0,0.5723753090213991,0.595173563071389,0.49020408163265244,0.5206122448979599,0.3276134943773421,0.35423157017909274,clenched
9195.0,0.5698410893737758,0.5851949628312909,0.48387755102040747,0.5059183673469394,0.3247188671386915,0.342453144523116,clenched
9295.0,0.588208441947814,0.569921481983986,0.5044897959183668,0.48959183673469453,0.3459891711786749,0.3248104956268228,clenched
9395.0,0.5780628005814559,0.5589229244584758,0.4879591836734687,0.4771428571428578,0.334156601416076,0.31239483548521507,clenched
9495.0,0.5889868046569247,0.5589862604008723,0.4971428571428564,0.47938775510204146,0.3469054560599743,0.31246563931695176,clenched
9595.0,0.6019301178062104,0.5639193186241582,0.5108163265306116,0.4863265306122455,0.36231986672219835,0.3180049979175349,clenched
9695.0,0.6102006688867772,0.5538476222494663,0.5179591836734687,0.4751020408163271,0.3723448563098702,0.30674718867138745,clenched
9795.0,0.6018955203433667,0.5805073252643316,0.5091836734693872,0.501428571428572,0.3622782174094121,0.3369887546855484,clenched
9895.0,0.5969972062803462,0.5986553028205542,0.5038775510204075,0.52795918367347,0.35640566430653825,0.3583881715951695,clenched
9995.0,0.6019923882286335,0.6077693560642583,0.5177551020408157,0.5369387755102047,0.36239483548521384,0.36938359017076317,clenched
10095.0,0.5853906522515026,0.6096031441324025,0.5040816326530606,0.5402040816326538,0.3426822157434396,0.3716159933361107,clenched
10195.0,0.579688839252593,0.6148075619187036,0.502244897959183,0.5504081632653067,0.3360391503540186,0.37798833819242056,clenched
10295.0,0.5645098643266699,0.6158533120455866,0.4875510204081626,0.5416326530612251,0.3186713869221153,0.3792753019575186,clenched
10395.0,0.569449927115526,0.618209045542044,0.49877551020408106,0.5420408163265313,0.3242732194918779,0.382182423990005,clenched
10495.0,0.5535693125135889,0.6247931769413945,0.48204081632653,0.5540816326530619,0.3064389837567674,0.39036651395252064,clenched
10595.0,0.5324419004386988,0.6290648739016065,0.4569387755102035,0.5573469387755108,0.2834943773427732,0.395722615576844,clenched
10695.0,0.5252119224800609,0.6408520723164234,0.45040816326530553,0.5683673469387762,0.27584756351520145,0.4106913785922543,clenched
10795.0,0.5221060736924905,0.6196255805390137,0.4448979591836729,0.5508163265306127,0.27259475218658835,0.38393586005830976,clenched
10895.0,0.5422084508424142,0.606472790937433,0.465102040816326,0.5361224489795925,0.29399000416493065,0.36780924614743926,clenched
10995.0,0.5416551061891759,0.5986031219647872,0.4663265306122443,0.5285714285714291,0.2933902540608074,0.35832569762598987,clenched
11095.0,0.5743547526783405,0.5727353861722951,0.4973469387755097,0.498163265306123,0.3298833819241976,0.328025822573928,clenched
11195.0,0.5868757594396864,0.5645098643266708,0.508571428571428,0.4924489795918373,0.3444231570179086,0.3186713869221163,clenched
11295.0,0.5741806903952998,0.5717746765259623,0.4944897959183667,0.5055102040816333,0.32968346522282316,0.32692628071636876,clenched
11395.0,0.5821336903891122,0.5828737206811826,0.5030612244897953,0.5204081632653066,0.33887963348604677,0.33974177426072527,clenched
11495.0,0.5887675520277073,0.5540656591826896,0.505306122448979,0.48734693877551083,0.34664723032069894,0.30698875468554826,clenched
11595.0,0.5853159421941181,0.5395248345198987,0.5063265306122443,0.4738775510204088,0.34259475218658814,0.2910870470637241,clenched
11695.0,0.5779186830038725,0.5250374334644557,0.5034693877551013,0.46061224489795977,0.3339900041649304,0.27566430653894275,clenched
11795.0,0.5884102074756665,0.5380793275768128,0.515714285714285,0.4706122448979599,0.3462265722615569,0.28952936276551494,clenched
11895.0,0.5836092443614328,0.5526167353087257,0.5142857142857136,0.48510204081632735,0.3405997501041225,0.3053852561432742,clenched
11995.0,0.5869538188870045,0.5665241427613912,0.5118367346938769,0.5028571428571434,0.3445147855060384,0.32094960433152914,clenched
12095.0,0.5671413516808118,0.574963555696367,0.488979591836734,0.5161224489795926,0.3216493127863383,0.33058309037900935,clenched
12195.0,0.5515794594087498,0.5802884574739977,0.4689795918367341,0.5155102040816333,0.30423990004164864,0.3367346938775516,clenched
12295.0,0.5589490048333249,0.5689889613610892,0.4785714285714279,0.504489795918368,0.31242399000416426,0.32374843815077115,clenched
12395.0,0.571749181195231,0.5646647802332099,0.48734693877550955,0.4985714285714293,0.32689712619741707,0.31884631403581914,clenched
12495.0,0.5830273289526875,0.577284138236876,0.5095918367346931,0.5136734693877558,0.3399208663057053,0.3332569762598925,clenched
12595.0,0.5941159490646114,0.5767572247429692,0.5202040816326524,0.5091836734693885,0.35297376093294397,0.33264889629321187,clenched
12695.0,0.5892413182322129,0.5707649207442477,0.5097959183673464,0.501224489795919,0.347205331112036,0.32577259475218734,clenched
12795.0,0.6133731101552766,0.5625624126603878,0.5330612244897952,0.49183673469387834,0.3762265722615571,0.31647646813827646,clenched
12895.0,0.6018228591974225,0.5524471325255801,0.5183673469387748,0.48367346938775585,0.36219075385256067,0.3051978342357359,clenched
12995.0,0.5929054390388195,0.5580615883214421,0.5102040816326524,0.4883673469387763,0.35153685964181536,0.3114327363598508,clenched
13095.0,0.5875885535005886,0.5697789600423625,0.5046938775510197,0.4889795918367355,0.34526030820491405,0.32464806330695617,clenched
13195.0,0.592420542457268,0.5645209311584048,0.5167346938775503,0.48408163265306187,0.35096209912536375,0.3186838817159525,clenched
13295.0,0.5789339468242515,0.570753974982524,0.5026530612244892,0.48795918367347013,0.33516451478550524,0.3257600999583516,clenched
13395.0,0.5657921729814577,0.5748947353078784,0.4928571428571422,0.4918367346938783,0.3201207830070797,0.3305039566847155,clenched
13495.0,0.5765116485954671,0.5750323678483703,0.49857142857142783,0.4906122448979599,0.3323656809662634,0.3306622240733034,clenched
13595.0,0.569241441225949,0.5595671260862443,0.49122448979591765,0.4736734693877558,0.32403581840899554,0.31311536859641875,clenched
13695.0,0.5875212119665297,0.5622032282051116,0.5093877551020402,0.4769387755102048,0.3451811745106199,0.3160724698042488,clenched
13795.0,0.5647200970436568,0.5639193186241582,0.48571428571428504,0.4818367346938783,0.31890878800499717,0.31800499791753495,clenched
13895.0,0.5607567624251893,0.5544826977079416,0.48183673469387683,0.4683673469387762,0.3144481466055803,0.3074510620574765,clenched
13995.0,0.5593437875937296,0.5511375536851483,0.48224489795918296,0.4630612244897966,0.31286547271969933,0.30375260308204965,clenched
14095.0,0.5664285622373604,0.5457380972626268,0.49061224489795846,0.46632653061224566,0.32084131611828326,0.29783007080383234,clenched
14195.0,0.5679522538021277,0.5537423323131309,0.48428571428571365,0.4800000000000007,0.32256976259891645,0.30663057059558585,clenched
14295.0,0.5883040237183477,0.5395286943203326,0.5014285714285708,0.46469387755102104,0.34610162432319813,0.2910912119950028,clenched
14395.0,0.5961280033836344,0.5285950668420142,0.5065306122448974,0.4524489795918374,0.35536859641815843,0.27941274468971344,clenched
14495.0,0.5747317067790636,0.5267915822176524,0.4846938775510198,0.4526530612244904,0.3303165347771756,0.2775093710953777,clenched
14595.0,0.5692231493470752,0.5413205196919544,0.47755102040816266,0.4685714285714292,0.3240149937526027,0.2930279050395676,clenched
14695.0,0.5607047686329051,0.5548581396945892,0.4712244897959178,0.48918367346938846,0.31438983756767963,0.3078675551853402,clenched
14795.0,0.5605450432594141,0.5593996305762816,0.4706122448979586,0.48857142857142916,0.31421074552269845,0.3129279466888803,clenched
14895.0,0.5761936888006878,0.5785057371913863,0.4855102040816321,0.5085714285714292,0.33199916701374377,0.33466888796334937,clenched
14995.0,0.5765622169412113,0.5702685017588585,0.4863265306122443,0.4995918367346946,0.3324239900041645,0.32520616409829317,clenched
15095.0,0.566075509729519,0.5731134053805635,0.47510204081632595,0.5002040816326537,0.32044148271553474,0.3284589754269062,clenched
15195.0,0.5606230543596559,0.5674240147321882,0.4769387755102036,0.48673469387755164,0.31429820907954964,0.32197001249479457,clenched
15295.0,0.5551583104733546,0.5867196093890592,0.4728571428571422,0.5151020408163273,0.3082007496876296,0.3442399000416502,clenched
15395.0,0.5556457421359873,0.595568809973775,0.4765306122448974,0.5232653061224497,0.30874219075385206,0.3547022074135785,clenched
15495.0,0.5593288951901064,0.6085432315289804,0.4834693877551015,0.5397959183673476,0.31284881299458506,0.3703248646397342,clenched
15595.0,0.5742495963578184,0.5984256730211194,0.5020408163265302,0.531224489795919,0.32976259891711734,0.3581132861307797,clenched
15695.0,0.5721460510278721,0.5993193418115158,0.5006122448979585,0.5297959183673475,0.3273511037067884,0.35918367346938845,clenched
15795.0,0.5721569701582112,0.596833236789343,0.4971428571428565,0.5269387755102047,0.3273635985006242,0.3562099125364439,clenched
15895.0,0.582820126875818,0.5935232830705601,0.5128571428571422,0.5236734693877557,0.33967930029154453,0.35226988754685623,clenched
15995.0,0.5812601743230481,0.6036229643152506,0.5124489795918362,0.5361224489795926,0.3378633902540603,0.36436068304873037,clenched
16095.0,0.5862722223511369,0.6053076362016114,0.5134693877551015,0.53795918367347,0.34371511870054083,0.36639733444398237,clenched
16195.0,0.5792288314218772,0.6160832064619726,0.49979591836734644,0.5563265306122456,0.3355060391503534,0.37955851728446555,clenched
16295.0,0.578426537665085,0.6139771412920478,0.4959183673469381,0.551020408163266,0.334577259475218,0.3769679300291553,clenched
16395.0,0.5822481526694292,0.6022448633807976,0.5014285714285709,0.5432653061224495,0.339012911286963,0.36269887546855556,clenched
16495.0,0.5905545576385707,0.6030465483900879,0.5028571428571422,0.5395918367346946,0.34875468554768785,0.3636651395251985,clenched
16595.0,0.5899159541716561,0.607909822550341,0.5042857142857136,0.5436734693877557,0.3480008329862554,0.369554352353187,clenched
16695.0,0.5980218675788175,0.6078344543254002,0.5087755102040811,0.5404081632653067,0.3576301541024567,0.369462723865057,clenched
16795.0,0.588077434290218,0.612268707020049,0.5010204081632648,0.5418367346938782,0.34583506872136566,0.3748729695960026,clenched
16895.0,0.583077332215553,0.6233917250136503,0.4916326530612239,0.554489795918368,0.33997917534360633,0.3886172428154945,clenched
16995.0,0.5932003994176173,0.6240895075650038,0.49959183673469343,0.5502040816326539,0.35188671386922066,0.389487713452729,clenched
17095.0,0.6052457068670257,0.6223921017840625,0.5151020408163258,0.547346938775511,0.3663223656809656,0.3873719283631828,clenched
17195.0,0.6334918731544777,0.6095006524998573,0.5495918367346933,0.5295918367346946,0.4013119533527689,0.37149104539775185,clenched
17295.0,0.6331827933642682,0.6040333681766994,0.5561224489795913,0.5191836734693884,0.4009204498125775,0.36485630987088813,clenched
17395.0,0.6396225719664128,0.6175147351655721,0.565102040816326,0.527346938775511,0.4091170345689289,0.38132444814660665,clenched
17495.0,0.6411639509478066,0.6170086777791793,0.5712244897959178,0.5244897959183681,0.4110912119950014,0.3806997084548112,clenched
17595.0,0.6282499840686814,0.6257224063266869,0.5532653061224484,0.5351020408163272,0.3946980424822984,0.3915285297792594,clenched
17695.0,0.628475343835576,0.6013901707234106,0.5614285714285708,0.5083673469387762,0.3949812578092455,0.36167013744273296,clenched
17795.0,0.6375812007803431,0.592061885392857,0.5797959183673463,0.5036734693877559,0.40650978758850415,0.3505372761349445,clenched
17895.0,0.6230274996387574,0.5623958092222398,0.5604081632653055,0.4728571428571435,0.3881632653061218,0.31628904623073795,clenched
17995.0,0.6253528783073837,0.5540243139443279,0.5642857142857136,0.471224489795919,0.3910662224073295,0.3069429404414833,clenched
18095.0,0.6238659015021248,0.5502867375690215,0.5642857142857137,0.4755102040816333,0.3892086630570589,0.30281549354435705,clenched
18195.0,0.6168972894434008,0.5474943872984294,0.5593877551020402,0.4710204081632659,0.3805622657226151,0.2997501041232826,clenched
18295.0,0.6187073894978476,0.5442057821827146,0.5567346938775505,0.4706122448979598,0.38279883381924135,0.29615993336110025,clenched
18395.0,0.6254594313048977,0.5534376307787685,0.5626530612244891,0.4826530612244905,0.391199500208246,0.3062932111620165,clenched
18495.0,0.6192423256630186,0.5497036420903972,0.5581632653061218,0.4824489795918373,0.38346105789254403,0.30217409412744756,clenched
18595.0,0.6162690877407279,0.5548393736289333,0.5581632653061219,0.4840816326530619,0.3797875885047889,0.3078467305289471,clenched
18695.0,0.6125815401019161,0.584614625821745,0.5483673469387748,0.5138775510204089,0.37525614327363543,0.3417742607246989,clenched
18795.0,0.6014524970483928,0.5929897284038771,0.5267346938775503,0.5232653061224497,0.36174510620574696,0.35163681799250396,clenched
18895.0,0.6184717363224748,0.5947570456555648,0.5493877551020401,0.5244897959183681,0.3825072886297367,0.35373594335693553,clenched
18995.0,0.6102928063269247,0.5813318233845746,0.5426530612244891,0.5108163265306129,0.3724573094543933,0.33794668887963425,clenched
19095.0,0.6070733968155736,0.5814177906035568,0.5359183673469381,0.5059183673469395,0.36853810912119883,0.3380466472303214,clenched
19195.0,0.5997361630107217,0.5776663907268863,0.5265306122448973,0.5022448979591844,0.35968346522282296,0.33369845897542766,clenched
19295.0,0.5975620329084478,0.5741407936898053,0.5283673469387749,0.49714285714285794,0.35708038317367685,0.3296376509787595,clenched
19395.0,0.5995625227271059,0.5557019567385315,0.5281632653061217,0.48204081632653134,0.35947521865889137,0.3088046647230327,clenched
19495.0,0.6024315577371427,0.548827837306093,0.5306122448979584,0.4740816326530619,0.36292378175760037,0.3012119950020833,clenched
19595.0,0.6213908704759588,0.5245096478415667,0.5536734693877545,0.44938775510204154,0.3861266139108697,0.27511037067888433,clenched
19695.0,0.6376203939365865,0.5287132423422666,0.5728571428571423,0.454489795918368,0.40655976676384775,0.27953769262807227,clenched
19795.0,0.654952618218768,0.5180337991639338,0.5991836734693871,0.4451020408163272,0.42896293211161934,0.26835901707621884,clenched
19895.0,0.6522124586451827,0.5234922619022694,0.5959183673469381,0.44653061224489865,0.42538109121199413,0.27404414827155416,clenched
19995.0,0.6382145283966506,0.5427804150164672,0.5744897959183666,0.45877551020408236,0.4073177842565591,0.2946105789254484,clenched
20095.0,0.645040025684861,0.549286766349598,0.5836734693877544,0.4632653061224498,0.41607663473552614,0.3017159516867979,clenched
20195.0,0.6357593262126046,0.5687986126251384,0.5702040816326526,0.4804081632653069,0.4041899208663049,0.3235318617242822,clenched
20295.0,0.6378293834292053,0.6018920604877048,0.5716326530612238,0.5134693877551029,0.40682632236568017,0.3622740524781349,clenched
20395.0,0.6259985775346335,0.607796766708241,0.5561224489795913,0.5165306122448987,0.39187421907538456,0.36941690962099194,clenched
20495.0,0.6358903349772274,0.6143772390966596,0.5644897959183668,0.5220408163265313,0.4043565181174504,0.377459391920034,clenched
20595.0,0.6213607080668702,0.6338665123813804,0.5416326530612239,0.54795918367347,0.38608912952936225,0.40178675551853466,clenched
20695.0,0.6008947930127927,0.6273776100212847,0.5187755102040811,0.5424489795918374,0.361074552269887,0.3936026655560192,clenched
20795.0,0.5925295030587098,0.6417904983183993,0.5108163265306117,0.5587755102040823,0.3510912119950016,0.4118950437317793,clenched
20895.0,0.5897888566768826,0.6466329026481508,0.5099999999999995,0.567755102040817,0.3478508954602244,0.4181341107871728,clenched
20995.0,0.6122346937925152,0.647183369715121,0.5312244897959179,0.5712244897959191,0.37483132028321475,0.41884631403581907,clenched
21095.0,0.6062083358375925,0.6367739391359252,0.5285714285714281,0.5559183673469396,0.36748854643898327,0.4054810495626829,clenched
21195.0,0.6074506165622428,0.6265804673377131,0.5314285714285709,0.547346938775511,0.3689962515618489,0.39260308204914696,clenched
21295.0,0.6064247167699693,0.6096441359608524,0.5251020408163259,0.5295918367346946,0.3677509371095375,0.37166597251145433,clenched
21395.0,0.6103542235599004,0.6068400891456112,0.5332653061224484,0.5261224489795927,0.3725322782174089,0.3682548937942533,clenched
21495.0,0.5900536122303821,0.5970669668739951,0.5134693877551014,0.5177551020408172,0.3481632653061222,0.3564889629321123,clenched
21595.0,0.6047810347211213,0.5946414891552224,0.5316326530612239,0.514081632653062,0.3657600999583501,0.3535985006247405,clenched
21695.0,0.6052525882171201,0.590050082937749,0.5363265306122443,0.5079591836734701,0.3663306955435228,0.3481591003748445,clenched
21795.0,0.609828565090632,0.5709290819880573,0.5414285714285709,0.48755102040816395,0.3718908788004992,0.32596001665972585,clenched
21895.0,0.5973354690963578,0.581364062581393,0.5199999999999995,0.49795918367347014,0.3568096626405659,0.33798417326114183,clenched
21995.0,0.5986553028205531,0.5780051578624703,0.5263265306122443,0.49979591836734777,0.3583881715951682,0.33408996251561923,clenched
22095.0,0.5854440107410949,0.6001457548910125,0.5083673469387748,0.5281632653061231,0.34274468971261923,0.36017492711370325,clenched
22195.0,0.5874609524716372,0.6020857817867303,0.5108163265306118,0.527346938775511,0.34511037067888317,0.3625072886297383,clenched
22295.0,0.5856538402999322,0.5981158811191867,0.5126530612244893,0.5253061224489802,0.3429904206580585,0.35774260724698104,clenched
22395.0,0.571286425468898,0.6116221322459333,0.4973469387755097,0.537755102040817,0.32636817992503064,0.374081632653062,clenched
22495.0,0.5864178381350321,0.6302984491046875,0.5148979591836729,0.5600000000000007,0.3438858808829648,0.3972761349437743,clenched
22595.0,0.5895310470847859,0.6269393069725646,0.5163265306122443,0.5522448979591844,0.347546855476884,0.39305289462723964,clenched
22695.0,0.5852768045485174,0.6160764460859613,0.5097959183673464,0.5367346938775518,0.34254893794252345,0.3795501874219085,clenched
22795.0,0.5711296594294937,0.6377281626963358,0.49714285714285666,0.5620408163265312,0.32618908788004947,0.40669720949604415,clenched
22895.0,0.5842333549857315,0.6269625580097984,0.5144897959183667,0.5532653061224496,0.34132861307788376,0.3930820491461898,clenched
22995.0,0.5754776369421963,0.6245331450874221,0.5055102040816319,0.5479591836734702,0.3311745106205743,0.39004164931278706,clenched
23095.0,0.606606691742932,0.6138177076779877,0.5404081632653055,0.5389795918367355,0.36797167846730455,0.37677217825905956,clenched
23195.0,0.5978895271819608,0.6247565123377713,0.5308163265306116,0.5526530612244904,0.35747188671386854,0.39032069970845584,clenched
23295.0,0.5981994363067111,0.618340404882191,0.5302040816326524,0.543877551020409,0.3578425655976669,0.38234485630987186,clenched
23395.0,0.5793690287461178,0.6103269277749271,0.5073469387755095,0.5393877551020416,0.33566847147021994,0.3724989587671812,clenched
23495.0,0.5901241936505353,0.5871950279361935,0.5138775510204076,0.5134693877551029,0.3482465639316944,0.344798000832987,clenched
23595.0,0.5877515589462363,0.5771831236133734,0.5148979591836728,0.503877551020409,0.34545189504373114,0.33314035818409066,clenched
23695.0,0.596023194582056,0.5828129806627412,0.5212244897959176,0.514081632653062,0.35524364847979945,0.3396709704289888,clenched
23795.0,0.6097431881690301,0.561736315777377,0.5318367346938768,0.4928571428571436,0.3717867555185332,0.3155476884631411,clenched
23895.0,0.6086937831257953,0.549563455544615,0.5312244897959176,0.47530612244898046,0.3705081216159926,0.3020199916701381,clenched
23995.0,0.6157518607516814,0.5488999259394897,0.5383673469387749,0.4661224489795926,0.3791503540191581,0.3012911286963772,clenched
24095.0,0.5992880685345566,0.5460356540039907,0.5193877551020403,0.45653061224489866,0.3591461890878795,0.29815493544356586,clenched
24195.0,0.6163873466413319,0.5475894697720625,0.5391836734693872,0.4597959183673478,0.37993336109954146,0.2998542274052485,clenched
24295.0,0.6085295431732288,0.543232952623759,0.5336734693877545,0.45673469387755183,0.3703082049146185,0.29510204081632724,clenched
24395.0,0.6239393332249451,0.5371651877995796,0.5504081632653056,0.45183673469387825,0.3893002915451891,0.28854643898375754,clenched
24495.0,0.6011477291425356,0.5388025658018155,0.5279591836734688,0.4528571428571435,0.36137859225322727,0.2903082049146197,clenched
24595.0,0.5958554621537215,0.5564958491795812,0.5208163265306117,0.47061224489795994,0.355043731778425,0.30968763015410317,clenched
24695.0,0.5917945094015042,0.5611762502459163,0.5187755102040811,0.4702040816326537,0.35022074135776704,0.3149187838400673,clenched
24795.0,0.5785561312450582,0.5521190860806159,0.5036734693877546,0.45653061224489877,0.33472719700124903,0.30483548521449455,clenched
24895.0,0.567886250789629,0.5634094757821202,0.49530612244897904,0.4728571428571435,0.3224947938359013,0.31743023740108345,clenched
24995.0,0.5557881414194084,0.5579048388803848,0.4797959183673465,0.47530612244898035,0.30890045814244027,0.3112578092461481,clenched
25095.0,0.5512622296278274,0.5397100738036105,0.47469387755101977,0.45795918367347016,0.3038900458142436,0.2912869637650986,clenched
25195.0,0.5429913904895473,0.5314710475516737,0.4646938775510198,0.4528571428571436,0.294839650145772,0.28246147438567343,clenched
25295.0,0.562839975467426,0.5410049728742977,0.48102040816326463,0.4608163265306129,0.31678883798417273,0.29268638067471964,clenched
25395.0,0.5556532377449172,0.5520625066469513,0.47653061224489746,0.4689795918367354,0.30875052061640945,0.30477301124531514,clenched
25495.0,0.5625327978776403,0.5586583261390025,0.4865306122448974,0.4683673469387762,0.3164431486880462,0.3120991253644321,clenched
25595.0,0.5593735712115193,0.5550682762840474,0.4846938775510198,0.46795918367347006,0.31289879216992866,0.30810079133694357,clenched
25695.0,0.5467140872624022,0.549119927438932,0.46918367346938716,0.467755102040817,0.2988962932111615,0.30153269471053795,clenched
25795.0,0.5592507035648088,0.5674423646073562,0.4808163265306116,0.48897959183673534,0.31276134943773365,0.32199083715118776,clenched
25895.0,0.565471868430109,0.5756440718529051,0.4828571428571422,0.49612244897959246,0.3197584339858385,0.3313660974593926,clenched
25995.0,0.5601771303133621,0.5788440131015791,0.4838775510204074,0.49795918367347014,0.3137984173261135,0.33506039150354106,clenched
26095.0,0.5553308352022663,0.602587092182649,0.47816326530612174,0.5214285714285721,0.3083923365264467,0.3631112036651404,clenched
26195.0,0.5426038998077971,0.5867692980035263,0.4669387755102035,0.5000000000000007,0.2944189920866299,0.34429820907955105,clenched
26295.0,0.5356200111411634,0.6070185089605934,0.4575510204081627,0.5208163265306129,0.28688879633486003,0.36847147022074206,clenched
26395.0,0.5631950562522026,0.6062564271633625,0.4842857142857136,0.5195918367346946,0.31718867138692164,0.36754685547688537,clenched
26495.0,0.571683616552374,0.6107396462093285,0.4918367346938769,0.5334693877551028,0.3268221574344018,0.3730029154518958,clenched
26595.0,0.5660571155450141,0.6034297365038676,0.4814285714285709,0.5246938775510211,0.3204206580591415,0.364127446897127,clenched
26695.0,0.5866734661930999,0.6029187648994591,0.5075510204081626,0.5230612244897966,0.34418575593502637,0.3635110370678891,clenched
26795.0,0.5951665651870358,0.604898096890563,0.5193877551020402,0.5263265306122455,0.3542232403165342,0.3659017076218249,clenched
26895.0,0.5920302287497112,0.5924662380524205,0.5206122448979587,0.5108163265306129,0.3504997917534354,0.35101624323198743,clenched
26995.0,0.6077796352006188,0.5939652084827562,0.5363265306122443,0.5163265306122458,0.36939608496459736,0.35279466888796407,clenched
27095.0,0.610053902753592,0.5825699572601059,0.5397959183673464,0.5051020408163274,0.372165764264889,0.3393877551020416,clenched
27195.0,0.6175046180821396,0.6006521514823567,0.5467346938775504,0.5253061224489803,0.38131195335276913,0.36078300708038397,clenched
27295.0,0.6276862306638012,0.5843260231164872,0.5634693877551014,0.5100000000000008,0.3939900041649307,0.3414369012911295,clenched
27395.0,0.6074848976514847,0.5771578671950512,0.5399999999999993,0.5036734693877558,0.36903790087463484,0.33311120366514047,clenched
27495.0,0.5980149030249156,0.5700639682936378,0.5271428571428565,0.4946938775510211,0.3576218242398992,0.32497292794668964,clenched
27595.0,0.599920166839381,0.5791677091470295,0.5332653061224484,0.5048979591836742,0.35990420658059075,0.33543523531861813,clenched
27695.0,0.5821694622692204,0.5954569082752019,0.5116326530612239,0.5216326530612252,0.3389212827988332,0.3545689296126622,clenched
27795.0,0.5652398104479947,0.5912699608446653,0.4924489795918361,0.5161224489795926,0.31949604331528486,0.34960016659725207,clenched
27895.0,0.5742641018226996,0.585668063311612,0.495918367346938,0.5089795918367355,0.32977925864223195,0.34300708038317446,clenched
27995.0,0.5748331521867691,0.5816612953921454,0.4965306122448973,0.49653061224489875,0.33043315285297725,0.3383298625572686,clenched
28095.0,0.5686374985419278,0.582816553780233,0.4877551020408157,0.5008163265306128,0.32334860474802096,0.33967513536026717,clenched
28195.0,0.5733931244228165,0.5843295869818743,0.4914285714285709,0.5089795918367354,0.32877967513535955,0.34144106622240783,clenched
28295.0,0.5641186969127863,0.5772769234928199,0.4793877551020401,0.49938775510204153,0.31822990420658,0.33324864639733504,clenched
28395.0,0.565979853442055,0.5646205228828257,0.4799999999999994,0.48591836734693955,0.32033319450229014,0.3187963348604755,clenched
28495.0,0.5565669446242706,0.5548919170134377,0.46959183673469324,0.47755102040816394,0.3097667638483959,0.3079050395668478,clenched
28595.0,0.5552520805630496,0.5685532616462715,0.46653061224489734,0.4900000000000007,0.3083048729695954,0.3232528113286137,clenched
28695.0,0.5615880084296623,0.5647680338967678,0.47571428571428515,0.48591836734693944,0.3153810912119945,0.3189629321116207,clenched
28795.0,0.5613357960125538,0.57186936351724,0.47530612244897896,0.4908163265306129,0.31509787588504734,0.32703456892961325,clenched
28895.0,0.5579384317535893,0.575593422844191,0.47469387755101977,0.49653061224489853,0.3112952936276546,0.33130778842149167,clenched
28995.0,0.5522209144527366,0.5803530499967818,0.46857142857142803,0.5073469387755108,0.3049479383590166,0.33680966264056716,clenched
29095.0,0.5701260665663561,0.600260251762432,0.49163265306122383,0.5291836734693884,0.3250437317784251,0.36031236984589826,clenched
29195.0,0.5714322157318189,0.6014213346932753,0.495714285714285,0.5212244897959191,0.32653477717617596,0.3617076218242407,clenched
29295.0,0.5723462019854008,0.6117923497535693,0.49918367346938713,0.5357142857142864,0.32758017492711317,0.3742898792169937,clenched
29395.0,0.572724478069596,0.6228703826126485,0.5012244897959177,0.54795918367347,0.3280133277800911,0.38796751353602715,clenched
29495.0,0.5866131196140175,0.6246298362389258,0.5191836734693872,0.5493877551020415,0.3441149521032896,0.3901624323198672,clenched
29595.0,0.5901524238549932,0.6105657245184055,0.5265306122448974,0.5316326530612252,0.3482798833819236,0.3727905039566854,clenched
29695.0,0.5935022307954562,0.6024695809762238,0.5281632653061219,0.524285714285715,0.35224489795918296,0.3629695960016667,clenched
29795.0,0.6002984125332682,0.5922869505035351,0.5367346938775505,0.5159183673469395,0.36035818408996184,0.35080383173677704,clenched
29895.0,0.601584053640333,0.5875850094017349,0.5336734693877545,0.5118367346938782,0.361903373594335,0.3452561432736369,clenched
29995.0,0.5967599592630116,0.5953589770355869,0.5259183673469382,0.5171428571428579,0.3561224489795912,0.3544523115368605,clenched
30095.0,0.5873971415625614,0.5755970407783297,0.5136734693877545,0.4991836734693885,0.3450354019158678,0.33131195335277025,clenched
30195.0,0.5714030606550397,0.5695632821394973,0.4981632653061218,0.4997959183673477,0.3265014577259469,0.3244023323615166,clenched
30295.0,0.5669467095138403,0.5650223998832672,0.48918367346938707,0.49591836734693956,0.32142857142857084,0.31925031236984663,clenched
30395.0,0.5775257800787421,0.5669099770825927,0.5032653061224484,0.49857142857142933,0.33353602665555954,0.3213869221157858,clenched
30495.0,0.5695961874372257,0.5796600994581141,0.49183673469387684,0.510816326530613,0.3244398167430232,0.3360058309037908,clenched
30595.0,0.5723025386557092,0.5794588809848266,0.49020408163265244,0.5177551020408171,0.3275301957517695,0.3357725947521874,clenched
30695.0,0.57384329447499,0.5845433791423236,0.4926530612244892,0.5236734693877558,0.32929612661391017,0.34169096209912625,clenched
30795.0,0.5728444557751133,0.5915481351236466,0.49448979591836667,0.527346938775511,0.32815077051228575,0.349929196168264,clenched
30895.0,0.5841549320084128,0.5988361612508536,0.5104081632653054,0.531224489795919,0.3412369845897535,0.3586047480216583,clenched
30995.0,0.5776916249127875,0.5775798651483103,0.5036734693877545,0.5104081632653068,0.3337276134943767,0.33359850062474034,clenched
31095.0,0.5717200422822242,0.5765694406285534,0.4979591836734688,0.5059183673469395,0.3268638067471882,0.33243231986672295,clenched
31195.0,0.5975202122090376,0.5624143231525411,0.5202040816326524,0.48938775510204136,0.35703040399833336,0.316309870887131,clenched
31295.0,0.594319213005187,0.5602774941675221,0.5193877551020403,0.48530612244898025,0.35321532694710484,0.3139108704706378,clenched
31395.0,0.565361376508406,0.5592991091932448,0.4873469387755096,0.48469387755102117,0.31963348604747965,0.31281549354435717,clenched
31495.0,0.5736400356166806,0.5415128360468467,0.49387755102040765,0.46448979591836803,0.3290628904623067,0.29323615160349914,clenched
31595.0,0.574807792513312,0.5441636877971877,0.4942857142857136,0.4659183673469396,0.3304039983340267,0.2961141191170352,clenched
31695.0,0.5642884821130032,0.5382225053106052,0.48428571428571365,0.45408163265306195,0.3184214910453972,0.2896834652228245,clenched
31795.0,0.5650223998832661,0.5315533255869299,0.4832653061224484,0.44979591836734767,0.3192503123698454,0.2825489379425247,clenched
31895.0,0.5525300559461581,0.5373047333774275,0.4710204081632646,0.4587755102040824,0.3052894627238646,0.28869637650978835,clenched
31995.0,0.561257883978654,0.5373047333774273,0.4812244897959178,0.460816326530613,0.31501041232819615,0.2886963765097883,clenched
32095.0,0.5677285458658213,0.5499384691642537,0.4869387755102034,0.4755102040816334,0.32231570179092,0.30243231986672287,clenched
32195.0,0.5590048872535409,0.5535128813203801,0.48326530612244833,0.48346938775510284,0.31248646397334395,0.3063765097875892,clenched
32295.0,0.5462720578455755,0.5404503960314917,0.4704081632653054,0.4636734693877559,0.29841316118283984,0.29208663057059625,clenched
32395.0,0.5622773056329237,0.5363659787312753,0.48469387755101984,0.46040816326530687,0.3161557684298203,0.2876884631403589,clenched
32495.0,0.5581138283520221,0.5480076366674996,0.4834693877551014,0.4736734693877558,0.31149104539775035,0.30031236984589826,clenched
32595.0,0.568344446832843,0.5297992201400218,0.495510204081632,0.45081632653061293,0.32301541024573033,0.2806872136609753,clenched
32695.0,0.5750432321722759,0.5257588078498105,0.49489795918367285,0.44959183673469455,0.33067471886713806,0.27642232403165407,clenched
32795.0,0.5660755097295189,0.5320428125182726,0.4844897959183666,0.4593877551020414,0.32044148271553463,0.28306955435235376,clenched
32895.0,0.5794696623172104,0.5390421418162914,0.4963265306122443,0.461428571428572,0.33578508954602193,0.2905664306538948,clenched
32995.0,0.5819046982833308,0.5447450675971169,0.5006122448979585,0.46551020408163324,0.3386130778842143,0.2967471886713875,clenched
33095.0,0.5789015722935962,0.5232057656596423,0.49836734693877505,0.4440816326530619,0.33512703040399777,0.27374427321949246,clenched
33195.0,0.5703524853261362,0.5279840720528649,0.48877551020408105,0.44040816326530674,0.32530195751770047,0.27876718034152487,clenched
33295.0,0.5828630023143417,0.5236911254121898,0.505102040816326,0.4387755102040823,0.33972927946688836,0.27425239483548586,clenched
33395.0,0.5859453430337224,0.5418742060143579,0.5061224489795912,0.45020408163265374,0.3433319450229066,0.29362765514369077,clenched
33495.0,0.5815825255878456,0.5423044601023468,0.5006122448979586,0.45265306122449045,0.33823823406913717,0.2940941274468979,clenched
33595.0,0.5725353712685376,0.562651247656098,0.49183673469387706,0.4759183673469395,0.32779675135360214,0.3165764264889637,clenched
33695.0,0.5687363694125287,0.5513944308831901,0.4940816326530608,0.4671428571428579,0.3234610578925443,0.30403581840899707,clenched
33795.0,0.5698849412943242,0.5397447990917618,0.4920408163265301,0.44632653061224553,0.3247688463140353,0.2913244481466063,clenched
33895.0,0.5570867879389406,0.5362106543973306,0.4808163265306119,0.44693877551020494,0.3103456892961262,0.2875218658892136,clenched
33995.0,0.5380561059758008,0.5545991119061718,0.46040816326530565,0.46612244897959265,0.28950437317784217,0.3075801749271145,clenched
34095.0,0.5509372575205649,0.5720623307712028,0.4710204081632648,0.4832653061224497,0.3035318617242812,0.32725531028738103,clenched
34195.0,0.5509826139721876,0.5847855824369077,0.4706122448979586,0.5028571428571437,0.3035818408996247,0.34197417742607333,clenched
34295.0,0.5635240458673615,0.6077864878616143,0.47836734693877503,0.5346938775510213,0.3175593502707201,0.36940441482715625,clenched
34395.0,0.56189199636304,0.5965295998650886,0.47489795918367295,0.5226530612244905,0.3157226155768425,0.3558475635152027,clenched
34495.0,0.5660166462349642,0.5918789569738525,0.48163265306122405,0.5142857142857151,0.3203748438150765,0.35032069970845553,clenched
34595.0,0.5514170907730984,0.5849422487753241,0.46102040816326484,0.5053061224489804,0.30406080799666746,0.3421574344023331,clenched
34695.0,0.5565893939306316,0.5986518242383387,0.4646938775510198,0.520816326530613,0.30979175343606774,0.35838400666389086,clenched
34795.0,0.5637863605937119,0.6084816315031365,0.4708163265306118,0.5385714285714294,0.31785506039150296,0.37024989587671875,clenched
34895.0,0.5594629125515075,0.6106032412301384,0.46591836734693826,0.544081632653062,0.31299875052061576,0.3728363182007506,clenched
34995.0,0.576229829431391,0.6117821380386632,0.4830612244897954,0.5453061224489805,0.33204081632653,0.37427738442315794,clenched
35095.0,0.5714285714285711,0.6223452573333248,0.4775510204081626,0.5604081632653068,0.3265306122448975,0.38731361932528224,clenched
35195.0,0.5841513670774683,0.6158025884878523,0.4910204081632648,0.5524489795918375,0.34123281965847513,0.37921282798833916,clenched
35295.0,0.568941380147505,0.6053145168476797,0.47326530612244844,0.5359183673469397,0.32369429404414773,0.3664056643065398,clenched
35395.0,0.5761900746129397,0.606867541762189,0.4816326530612239,0.5416326530612252,0.3319950020824651,0.3682882132444823,clenched
35495.0,0.5773274248078248,0.6179293929680627,0.4826530612244892,0.5577551020408171,0.3333069554352346,0.3818367346938784,clenched
35595.0,0.579343867622045,0.6153661932974505,0.4891836734693872,0.5518367346938784,0.3356393169512696,0.37867555185339513,clenched
35695.0,0.5857818349727902,0.6191212485180222,0.4938775510204075,0.5520408163265312,0.3431403581840893,0.3833111203665146,clenched
35795.0,0.571669045610559,0.6227566987777442,0.48122448979591786,0.5495918367346946,0.32680549770928735,0.387825905872554,clenched
35895.0,0.5479886360039814,0.629825809070198,0.45428571428571374,0.5524489795918374,0.30029154518950396,0.3966805497709295,clenched
35995.0,0.5428187802924965,0.6216254170321349,0.4469387755102035,0.541020408163266,0.2946522282382336,0.38641815910037564,clenched
36095.0,0.5489151012875221,0.6145500821049853,0.45346938775510154,0.5295918367346946,0.3013077884214906,0.3776718034152442,clenched
36195.0,0.5409356818621811,0.6134002703877685,0.44326530612244847,0.5261224489795925,0.29261141191170287,0.3762598917117874,clenched
36295.0,0.5517682000673657,0.616731857528021,0.4567346938775505,0.5318367346938782,0.30444814660558056,0.3803581840899632,clenched
36395.0,0.5377347709435532,0.6114791129215775,0.4508163265306117,0.5259183673469394,0.28915868388171556,0.3739067055393594,clenched
36495.0,0.5220821416203745,0.6246265023104518,0.4334693877551015,0.5357142857142864,0.27256976259891674,0.3901582673885889,clenched
36595.0,0.5457228335691268,0.6177406401899384,0.4597959183673464,0.5308163265306128,0.29781341107871684,0.38160349854227493,clenched
36695.0,0.5536332609124062,0.6198641546170363,0.4691836734693871,0.5351020408163274,0.3065097875885044,0.38423157017909304,clenched
36795.0,0.5565145593877083,0.6252729516432354,0.47285714285714225,0.5451020408163272,0.3097084548104952,0.39096626405664375,clenched
36895.0,0.5713811933711813,0.6180035300724488,0.48959183673469325,0.5406122448979599,0.32647646813827536,0.38192836318200807,clenched
36995.0,0.5850668397688285,0.6341030125859648,0.5042857142857138,0.558163265306123,0.34230320699708394,0.40208663057059624,clenched
37095.0,0.5737090065151503,0.6216321170619586,0.49897959183673407,0.5434693877551028,0.32914202415660077,0.3864264889629327,clenched
37195.0,0.5795523125356593,0.6117412894744102,0.5046938775510198,0.5293877551020416,0.3358808829654305,0.3742274052478141,clenched
37295.0,0.5809197206005232,0.6042608669567124,0.5085714285714279,0.5163265306122455,0.33746772178258994,0.36513119533527777,clenched
37395.0,0.5911255403167981,0.5985718112678564,0.5191836734693871,0.5087755102040823,0.3494294044148265,0.35828821324448235,clenched
37495.0,0.5986761738893908,0.5796960239785824,0.5259183673469382,0.4920408163265314,0.35841316118284,0.33604748021657727,clenched
37595.0,0.5870283204947525,0.5843260231164873,0.5108163265306116,0.49816326530612315,0.34460224906288983,0.34143690129112964,clenched
37695.0,0.582834419039112,0.578919558367475,0.5104081632653055,0.4932653061224497,0.3396959600166592,0.33514785506039224,clenched
37795.0,0.5813855543860824,0.5485317952155095,0.5093877551020403,0.4646938775510212,0.3380091628488124,0.3008871303623497,clenched
37895.0,0.5949250877701397,0.5402268639714574,0.5244897959183669,0.45346938775510276,0.35393586005830846,0.29184506455643555,clenched
37995.0,0.5959812659005783,0.528232497118531,0.5302040816326525,0.4426530612244905,0.3551936693044558,0.27902957101207887,clenched
38095.0,0.5952995109229657,0.5362184216825926,0.5259183673469383,0.4522448979591844,0.35438150770512217,0.28753019575177075,clenched
38195.0,0.5864675523171472,0.5411127412568671,0.5202040816326524,0.45836734693877623,0.34394418992086573,0.2928029987505213,clenched
38295.0,0.5890893302946971,0.5608904386166809,0.5234693877551014,0.4842857142857151,0.3470262390670548,0.3145980841316126,clenched
38395.0,0.5810774292285409,0.5590346889268806,0.5097959183673464,0.47877551020408243,0.33765097875885,0.31251978342357417,clenched
38495.0,0.5784481386113106,0.550536446576198,0.5069387755102035,0.47346938775510283,0.33460224906289,0.303090379008747,clenched
38595.0,0.5892201129665928,0.5385744832139564,0.5199999999999995,0.45632653061224565,0.3471803415243644,0.2900624739691802,clenched
38695.0,0.5963026437825764,0.5290872906237142,0.525714285714285,0.4453061224489804,0.35557684298209014,0.2799333610995426,clenched
38795.0,0.6062289468729244,0.5556120106444294,0.5314285714285708,0.47346938775510283,0.367513536026655,0.30870470637234554,clenched
38895.0,0.6126393287288795,0.5530499283431084,0.5363265306122442,0.4775510204081641,0.3753269471053721,0.3058642232403173,clenched
38995.0,0.6071968763483798,0.5454556497912673,0.5273469387755096,0.4646938775510212,0.36868804664722965,0.2975218658892136,clenched
39095.0,0.6098763709461124,0.5419741168699252,0.5246938775510196,0.45918367346938843,0.3719491878384001,0.29373594335693537,clenched
39195.0,0.6247431792211419,0.5485773505511263,0.5371428571428564,0.46714285714285786,0.39030403998333973,0.30093710953769337,clenched
39295.0,0.606517427823851,0.5459746299445677,0.5118367346938769,0.46265306122449046,0.36786339025406023,0.2980882965431076,clenched
39395.0,0.6224590163125231,0.5510922099855033,0.5310204081632647,0.47367346938775584,0.3874552269887539,0.30370262390670616,clenched
39495.0,0.6289125763872314,0.5545089869212464,0.538979591836734,0.47183673469387827,0.39553102873802515,0.307480216576427,clenched
39595.0,0.612934985236292,0.5740319703992108,0.5173469387755096,0.4971428571428578,0.37568929612661345,0.3295127030404004,clenched
39695.0,0.5989126618379236,0.5857960548767849,0.5006122448979585,0.5118367346938782,0.358696376509787,0.34315701790920516,clenched
39795.0,0.6156740701050756,0.567486401886892,0.5267346938775505,0.4910204081632661,0.3790545605997495,0.32204081632653114,clenched
39895.0,0.6122755094388133,0.5784085362603375,0.5263265306122442,0.49204081632653135,0.37488129945855825,0.33455643481882613,clenched
39995.0,0.6131218209678548,0.5669467095138414,0.5281632653061218,0.48224489795918446,0.37591836734693823,0.3214285714285721,clenched
40095.0,0.5960860820744054,0.5577219088519789,0.5097959183673463,0.47102040816326607,0.35531861724281477,0.31105372761349503,clenched
40195.0,0.575282195388948,0.5459708157143833,0.4879591836734687,0.45673469387755183,0.33094960433152776,0.29808413161182906,clenched
40295.0,0.5974783885823735,0.5572923474411363,0.5140816326530605,0.4704081632653069,0.3569804248229896,0.31057476051645216,clenched
40395.0,0.5914354726995551,0.5723534788831738,0.5110204081632647,0.48285714285714365,0.34979591836734614,0.3275885047896716,clenched
40495.0,0.5866592675564853,0.5738469234431689,0.5042857142857136,0.4891836734693885,0.3441690962099118,0.3293002915451902,clenched
40595.0,0.57706043922679,0.5651440127100715,0.4944897959183666,0.477755102040817,0.3329987505206158,0.31938775510204154,clenched
40695.0,0.5705277155573379,0.5768113818765987,0.48918367346938707,0.4893877551020416,0.32550187421907467,0.3327113702623914,clenched
40795.0,0.554362502570799,0.5799761588688889,0.4732653061224484,0.4924489795918375,0.3073177842565591,0.3363723448563107,clenched
40895.0,0.54461507600131,0.5593288951901074,0.462244897959183,0.4704081632653069,0.2966055810079127,0.31284881299458617,clenched
40995.0,0.5432942846347494,0.5695303749406251,0.4636734693877545,0.48612244897959256,0.29516867971678407,0.324364847980009,clenched
41095.0,0.5581436776028009,0.5839980544603681,0.4846938775510199,0.5038775510204089,0.3115243648479794,0.34105372761349506,clenched
41195.0,0.5818366989026391,0.5905263466581827,0.5077551020408158,0.5126530612244905,0.33853394418992033,0.34872136609746013,clenched
41295.0,0.5669136504328179,0.5847677767880854,0.492244897959183,0.5014285714285721,0.32139108704706326,0.3419533527696801,clenched
41395.0,0.5675744661955975,0.576789719633351,0.4824489795918361,0.4967346938775517,0.3221407746772174,0.3326863806747197,clenched
41495.0,0.5727971948304772,0.5852376642855958,0.4938775510204076,0.49979591836734755,0.32809662640566367,0.3425031236984597,clenched
41595.0,0.5843545334309961,0.5818975408279865,0.5075510204081627,0.49816326530612315,0.34147022074135713,0.33860474802165824,clenched
41695.0,0.5901524238549932,0.5751916906993384,0.5057142857142851,0.48693877551020476,0.34827988338192356,0.33084548104956335,clenched
41795.0,0.590864789524818,0.5868118848957428,0.5044897959183667,0.4971428571428579,0.3491211995002075,0.3443481882548945,clenched
41895.0,0.597202976593367,0.6072586066991941,0.5118367346938769,0.5281632653061231,0.3566513952519776,0.3687630154102465,clenched
41995.0,0.6065895266248102,0.618424594911811,0.5148979591836728,0.5420408163265313,0.3679508538109114,0.3824489795918376,clenched
42095.0,0.6129247925584159,0.6080502565870777,0.5171428571428566,0.5246938775510211,0.37567680133277725,0.369725114535611,clenched
42195.0,0.58891608692105,0.6082077781272024,0.49020408163265244,0.5251020408163272,0.34682215743440176,0.3699167013744282,clenched
42295.0,0.5990621575051859,0.5964702504597073,0.5032653061224484,0.5138775510204089,0.35887546855476815,0.35577675968346595,clenched
42395.0,0.5813210765883144,0.6056068720426011,0.49265306122448926,0.5234693877551027,0.337934194085797,0.3667596834652235,clenched
42495.0,0.596833236789342,0.6083173342716318,0.5065306122448974,0.5316326530612252,0.3562099125364427,0.37004997917534427,clenched
42595.0,0.6039126901101969,0.6221411082039872,0.5161224489795913,0.547551020408164,0.36471053727613467,0.38705955851728524,clenched
42695.0,0.5936109928470167,0.6126495261560311,0.5136734693877546,0.5414285714285721,0.35237401082882086,0.3753394418992094,clenched
42795.0,0.5888488972054784,0.601715581469289,0.5136734693877546,0.5300000000000007,0.346743023740108,0.3620616409829246,clenched
42895.0,0.598860503406768,0.5920829888813024,0.5236734693877545,0.5183673469387762,0.35863390254060756,0.35056226572261645,clenched
42995.0,0.5751844497089651,0.5936004683581256,0.4963265306122443,0.5118367346938782,0.33083715118700496,0.3523615160349861,clenched
43095.0,0.5616287968543453,0.5926735814741761,0.48204081632653006,0.5163265306122455,0.31542690545605945,0.3512619741774269,clenched
43195.0,0.5732078712301057,0.6019439562345604,0.49530612244897904,0.52795918367347,0.3285672636401495,0.3623365264473144,clenched
43295.0,0.5657884923501018,0.6186838282194649,0.48367346938775446,0.5463265306122457,0.32011661807580116,0.3827696793002924,clenched
43395.0,0.5818331197677232,0.6051424772254944,0.49489795918367285,0.5269387755102047,0.33852977925864175,0.366197417742608,clenched
43495.0,0.5607493350357388,0.6014490346442246,0.4675510204081627,0.5159183673469394,0.31443981674302324,0.36174094127446976,clenched
43595.0,0.5719021361309291,0.5803279315366585,0.47346938775510145,0.49122448979591904,0.3270720533111197,0.33678050812161664,clenched
43695.0,0.5919844994987734,0.5964178784328036,0.4934693877551015,0.5063265306122456,0.35044564764681324,0.35571428571428654,clenched
43795.0,0.5884739085333968,0.6101153440357863,0.4846938775510199,0.5214285714285721,0.34630154102457256,0.3722407330279058,clenched
43895.0,0.5614730432909106,0.6082591350268466,0.45551020408163206,0.5183673469387762,0.31525197834235685,0.3699791753436076,clenched
43995.0,0.5712973610291461,0.5970181353143399,0.4722448979591832,0.5124489795918374,0.3263806747188665,0.3564306538942115,clenched
44095.0,0.5909987029501806,0.5911396316776117,0.4942857142857137,0.5057142857142864,0.3492794668887958,0.3494460641399425,clenched
44195.0,0.6028773157886638,0.586432042617114,0.5099999999999995,0.5006122448979599,0.3634610578925442,0.3439025406080806,clenched
44295.0,0.6098592978564866,0.5611614064731758,0.5187755102040811,0.4767346938775517,0.3719283631820069,0.31490212411495283,clenched
44395.0,0.6158905066662271,0.5656191574168834,0.5320408163265301,0.48775510204081696,0.37932111620158193,0.3199250312369852,clenched
44495.0,0.6108589755799997,0.5637124814707685,0.5299999999999995,0.48959183673469453,0.3731486880466467,0.31777176176593147,clenched
44595.0,0.6059643853546182,0.5713775487425086,0.5304081632653056,0.4963265306122455,0.3671928363182002,0.32647230320699777,clenched
44695.0,0.5868935011348326,0.5477833868423345,0.505102040816326,0.4730612244897965,0.3444439816743018,0.30006663890045876,clenched
44795.0,0.5886685079439,0.5418972640006243,0.5077551020408159,0.47061224489795966,0.34653061224489745,0.2936526447313624,clenched
44895.0,0.6018436204199831,0.5466912324370043,0.5261224489795913,0.47530612244898024,0.36221574344023266,0.29887130362349074,clenched
44995.0,0.590970513171822,0.5429837200904055,0.5146938775510198,0.4691836734693884,0.34924614743856663,0.2948313202832159,clenched
45095.0,0.571206224963367,0.5435357121545367,0.4940816326530607,0.4683673469387762,0.3262765514369007,0.2954310703873393,clenched
45195.0,0.5566642184132553,0.5375139838170115,0.47571428571428515,0.46612244897959243,0.30987505206164045,0.28892128279883456,clenched
45295.0,0.5522284565481699,0.5529670828830477,0.4693877551020404,0.4759183673469395,0.3049562682215739,0.3057725947521874,clenched
45395.0,0.5393781416363987,0.5459975147661201,0.44775510204081576,0.46795918367347006,0.290928779675135,0.29811328613077953,clenched
45495.0,0.5521945163074929,0.5530762856598244,0.46020408163265253,0.47326530612244966,0.3049187838400661,0.3058933777592676,clenched
45595.0,0.5335007719950207,0.5463178016120148,0.43306122448979534,0.4691836734693884,0.284623073719283,0.2984631403581848,clenched
45695.0,0.5427995979934404,0.5594219662084715,0.4479591836734689,0.48000000000000076,0.2946314035818404,0.3129529362765522,clenched
45795.0,0.5578936408064812,0.552005921414015,0.45918367346938715,0.47081632653061306,0.3112453144523111,0.3047105372761358,clenched
45895.0,0.567724877788213,0.5538927403809616,0.468367346938775,0.4738775510204089,0.32231153685964137,0.30679716784673133,clenched
45995.0,0.5896334780895371,0.5397100738036105,0.4904081632653056,0.45632653061224554,0.34766763848396465,0.2912869637650987,clenched
46095.0,0.6011026935113543,0.531999755740817,0.5048979591836729,0.4461224489795925,0.36132444814660514,0.283023740108289,clenched
46195.0,0.5953729681989044,0.5393279480691817,0.50204081632653,0.44755102040816397,0.3544689712619737,0.29087463556851395,clenched
46295.0,0.5908189700691621,0.5377037887457068,0.5006122448979585,0.45244897959183744,0.34906705539358546,0.28912536443148773,clenched
46395.0,0.59270871723825,0.53865181016567,0.5097959183673463,0.4514285714285721,0.35130362349021177,0.29014577259475294,clenched
46495.0,0.596550545304313,0.5221658990740099,0.5193877551020402,0.4389795918367354,0.3558725531028732,0.27265722615576904,clenched
46595.0,0.6040575008969237,0.5326960651965487,0.5361224489795913,0.44326530612244963,0.3648854643898369,0.28376509787588566,clenched
46695.0,0.6105247945672152,0.5297088070266216,0.5406122448979584,0.44285714285714356,0.3727405247813403,0.28059142024156664,clenched
46795.0,0.6074437601122356,0.5415166816772848,0.5391836734693871,0.4516326530612252,0.3689879216992912,0.2932403165347778,clenched
46895.0,0.5992046651497234,0.5520021488589125,0.5312244897959177,0.4591836734693885,0.35904623073719216,0.304706372344857,clenched
46995.0,0.6007526862923402,0.563169172512108,0.5304081632653056,0.47428571428571503,0.360903790087463,0.3171595168679724,clenched
47095.0,0.5927719563653692,0.564292172528272,0.5167346938775504,0.46938775510204145,0.3513785922532271,0.31842565597667716,clenched
47195.0,0.5901912381813105,0.5728299143612987,0.5169387755102034,0.4789795918367355,0.34832569762598836,0.32813411078717286,clenched
47295.0,0.5814285356122074,0.5676111556250503,0.5061224489795912,0.46612244897959265,0.338059142024156,0.322182423990005,clenched
47395.0,0.5784409383855301,0.5803171661494952,0.49999999999999933,0.47959183673469463,0.3345939192003327,0.3367680133277809,clenched
47495.0,0.5702611982554436,0.585451124838938,0.4881632653061218,0.47775510204081706,0.32519783423573434,0.3427530195751778,clenched
47595.0,0.566799765505796,0.5834272350592778,0.4826530612244892,0.48591836734693944,0.3212619741774254,0.3403873386089138,clenched
47695.0,0.5630249413197468,0.5857462837025125,0.47897959183673405,0.48653061224489863,0.3169970845481043,0.3430987088713043,clenched
47795.0,0.5678165726197212,0.5864036333088766,0.4808163265306116,0.49408163265306193,0.32241566014160705,0.3438692211578514,clenched
47895.0,0.5703853450950577,0.5778646296458647,0.4848979591836728,0.48734693877551083,0.32533944189920805,0.33392753019575233,clenched
47995.0,0.5559642163957459,0.5834593584735969,0.4726530612244892,0.49306122448979656,0.3090962099125358,0.3404248229904212,clenched
48095.0,0.5606899123781031,0.6088066723913175,0.482244897959183,0.5310204081632659,0.3143731778425649,0.3706455643481889,clenched
48195.0,0.5657664080591294,0.595904388988978,0.4828571428571424,0.5204081632653068,0.3200916284881293,0.35510204081632724,clenched
48295.0,0.5782248899205348,0.5909846082290826,0.4971428571428565,0.5216326530612252,0.3343440233236145,0.3492628071636823,clenched
48395.0,0.5793654343667228,0.5734149149813186,0.4989795918367339,0.49428571428571494,0.33566430653894136,0.32880466472303277,clenched
48495.0,0.5872163063306889,0.5702100711122481,0.508979591836734,0.4938775510204089,0.34482299042065745,0.32513952519783496,clenched
48595.0,0.5900712583769141,0.5794840371150336,0.5099999999999993,0.4991836734693884,0.34818408996251493,0.33580174927113765,clenched
48695.0,0.5882792447505244,0.5876771490256203,0.5126530612244892,0.5114285714285722,0.34607246980424733,0.34536443148688106,clenched
48795.0,0.574539636073446,0.5726990250219935,0.505306122448979,0.49163265306122517,0.33009579341940787,0.32798417326114193,clenched
48895.0,0.5800874569631262,0.5691499759527632,0.5073469387755095,0.48775510204081707,0.33650145772594686,0.32393169512703096,clenched
48995.0,0.5918437719497163,0.5773166034693615,0.52204081632653,0.4955102040816333,0.3502790503956677,0.33329446064140006,clenched
49095.0,0.5997778291985848,0.5739702947092853,0.5306122448979587,0.4900000000000007,0.35973344439816674,0.3294418992086638,clenched
49195.0,0.6085945601210319,0.5812924174936133,0.5395918367346932,0.4955102040816334,0.3703873386089122,0.3379008746355692,clenched
49295.0,0.6062907757748507,0.5743039899620219,0.5306122448979586,0.48387755102040886,0.3675885047896703,0.3298250728862982,clenched
49395.0,0.6227734182902686,0.5840978905023514,0.5444897959183668,0.5002040816326538,0.38784673052894575,0.34117034568929694,clenched
49495.0,0.6104736282691998,0.5995173680155319,0.5273469387755096,0.5214285714285721,0.3726780508121611,0.35942107455227074,clenched
49595.0,0.6093024531245461,0.5916537366624359,0.5267346938775505,0.5138775510204089,0.37124947938358965,0.35005414410662306,clenched
49695.0,0.61347495482694,0.5878082458967301,0.5273469387755095,0.5067346938775518,0.3763515201999161,0.3455185339441907,clenched
49795.0,0.6071454295949614,0.6141907852611509,0.515714285714285,0.5320408163265314,0.3686255726780503,0.37723032069970913,clenched
49895.0,0.5986309523205575,0.6250464372586222,0.5069387755102034,0.5422448979591844,0.35835901707621765,0.39068304872969667,clenched
49995.0,0.5885694471930186,0.6220239432067973,0.49265306122448904,0.5428571428571436,0.3464139941690955,0.38691378592253306,clenched
50095.0,0.5853764224995103,0.6167149742251846,0.48816326530612164,0.5361224489795926,0.3426655560183251,0.38033735943357017,clenched
50195.0,0.5824162283599754,0.6097534340308145,0.48653061224489735,0.5271428571428579,0.339208663057059,0.3717992503123708,clenched
50295.0,0.5942631471382409,0.6310413968048902,0.5071428571428565,0.5532653061224497,0.3531486880466466,0.398213244481467,clenched
50395.0,0.58811284464306,0.6181753591637398,0.5038775510204075,0.5428571428571436,0.34587671803415204,0.38214077467721863,clenched
50495.0,0.5940703803644158,0.6045192843749282,0.5134693877551014,0.5230612244897967,0.3529196168263217,0.3654435651811753,clenched
50595.0,0.6001075844126926,0.6051218291839553,0.5242857142857136,0.5204081632653069,0.36012911286963695,0.36617242815493595,clenched
50695.0,0.5890469080571692,0.5999687622022442,0.5136734693877544,0.5165306122448987,0.3469762598917111,0.35996251561849296,clenched
50795.0,0.5870992656173762,0.5985926852477853,0.5128571428571422,0.5104081632653069,0.3446855476884625,0.3583132028321541,clenched
50895.0,0.5874715869492915,0.6036264142497486,0.5167346938775503,0.514285714285715,0.345122865472719,0.3643648479800091,clenched
50995.0,0.5809555672298666,0.6097807554872486,0.5134693877551013,0.5185714285714293,0.33750937109537604,0.3718325697625997,clenched
51095.0,0.5667520005000453,0.6094562341063791,0.4922448979591831,0.5159183673469396,0.3212078300708033,0.37143690129112955,clenched
51195.0,0.5657369609968048,0.6040506059323847,0.4914285714285708,0.5051020408163274,0.3200583090379003,0.3648771345272811,clenched
51295.0,0.5318274937722078,0.5752134131235425,0.4526530612244891,0.47755102040816394,0.2828404831320278,0.3308704706372351,clenched
51395.0,0.5189134195858097,0.5858635947074193,0.4428571428571421,0.48551020408163337,0.2692711370262386,0.34323615160349924,clenched
51495.0,0.516076409531381,0.5842476125779202,0.43938775510204026,0.48510204081632735,0.2663348604748017,0.34134527280299953,clenched
51595.0,0.5140143436935376,0.5873510515945697,0.4324489795918361,0.4914285714285722,0.26421074552269824,0.3449812578092469,clenched
51695.0,0.5224728948607983,0.5798684306960948,0.4436734693877545,0.4814285714285723,0.27297792586422276,0.3362473969179517,clenched
51795.0,0.5228354756618744,0.567247825728244,0.4463265306122443,0.47285714285714364,0.2733569346105784,0.3217700957934202,clenched
51895.0,0.5135279483818406,0.5486836316252701,0.4344897959183667,0.4553061224489804,0.2637109537692623,0.3010537276134951,clenched
51995.0,0.5218507416730916,0.5274079070082706,0.44081632653061165,0.4351020408163272,0.2723281965847559,0.27815910037484454,clenched
52095.0,0.5293312638025612,0.5342691879391654,0.4579591836734687,0.44632653061224564,0.2801915868388166,0.28544356518117525,clenched
52195.0,0.5275776648227487,0.5397447990917618,0.45244897959183605,0.45571428571428657,0.2783381924198246,0.2913244481466063,clenched
52295.0,0.555015749595488,0.5618141614626604,0.48265306122448914,0.4738775510204089,0.3080424822990415,0.31563515201999226,clenched
52395.0,0.5499006006124518,0.5488923381081392,0.47591836734693804,0.4640816326530619,0.3023906705539353,0.3012827988338198,clenched
52495.0,0.5678862507896287,0.5487367644430212,0.4948979591836728,0.4671428571428578,0.32249479383590113,0.30111203665139574,clenched
52595.0,0.5657038312194752,0.5539077789414458,0.488775510204081,0.47428571428571503,0.3200208246563925,0.30681382757184567,clenched
52695.0,0.5573334502436722,0.5639636310019279,0.475918367346938,0.48795918367347013,0.3106205747605158,0.31805497709287867,clenched
52795.0,0.5585576713463953,0.5467978801159462,0.47755102040816266,0.4769387755102048,0.31198667221990783,0.29898792169929267,clenched
52895.0,0.5512206741135336,0.5432866185120226,0.4667346938775504,0.47387755102040885,0.3038442315701784,0.29516034985422807,clenched
52995.0,0.5476389061342057,0.5590868380327649,0.46571428571428514,0.48693877551020476,0.29990837151186944,0.3125780924614751,clenched
53095.0,0.5479050252565437,0.5445806612673703,0.46653061224489745,0.47551020408163325,0.30019991670137386,0.29656809662640626,clenched
53195.0,0.5402615560429429,0.5434859025593185,0.46061224489795854,0.4759183673469394,0.29188254893794197,0.295376926280717,clenched
53295.0,0.5337505309797037,0.5312868553009547,0.4546938775510199,0.46204081632653127,0.2848896293211156,0.2822657226155776,clenched
53395.0,0.5336022506816548,0.5701991146994172,0.4587755102040812,0.49571428571428655,0.28473136193252757,0.32512703040399915,clenched
53495.0,0.5187608983314477,0.5765008119442929,0.4420408163265301,0.49877551020408234,0.2691128696376506,0.332353186172429,clenched
53595.0,0.5164797707584152,0.5725681057613244,0.4475510204081627,0.4977551020408171,0.26675135360266516,0.32783423573511117,clenched
53695.0,0.5164757387054947,0.5720150052059463,0.4428571428571423,0.4957142857142865,0.26674718867138647,0.3272011661807588,clenched
53795.0,0.5285241488585897,0.5862828783909505,0.45040816326530553,0.5095918367346947,0.2793377759266966,0.343727613494378,clenched
53895.0,0.5447527131955778,0.5927789825185993,0.4708163265306116,0.5114285714285721,0.29675551853394344,0.35138692211578587,clenched
53995.0,0.5501202019269024,0.5830809037131008,0.4730612244897953,0.5032653061224497,0.30263223656809585,0.3399833402748864,clenched
54095.0,0.5550345096977616,0.5807583833876641,0.4697959183673463,0.49897959183673557,0.3080633069554346,0.33728029987505304,clenched
54195.0,0.5545916020501533,0.5845255661155747,0.475510204081632,0.4989795918367355,0.3075718450645557,0.3416701374427331,clenched
54295.0,0.5557694067561175,0.6018643809263894,0.47673469387755035,0.5220408163265314,0.3088796334860468,0.36224073302790594,clenched
54395.0,0.5627252661064145,0.5720878121462925,0.47959183673469313,0.49326530612244973,0.316659725114535,0.32728446480633155,clenched
54495.0,0.5632800944524226,0.576493587397008,0.48040816326530555,0.49877551020408234,0.3172844648063301,0.3323448563098716,clenched
54595.0,0.5525187489398243,0.5801951444680552,0.4659183673469382,0.4959183673469395,0.3052769679300286,0.3366264056643074,clenched
54695.0,0.5487519443031699,0.572677207223642,0.46469387755101976,0.48387755102040897,0.3011286963765093,0.32795918367347016,clenched
54795.0,0.5458868959076577,0.5767319496735562,0.4624489795918361,0.48693877551020476,0.29799250312369796,0.3326197417742614,clenched
54895.0,0.5555033063495338,0.578635313033503,0.4679591836734687,0.4951020408163273,0.308583923365264,0.3348188254893801,clenched
54995.0,0.5568325367371945,0.5810810130180902,0.472244897959183,0.5002040816326538,0.31006247396917896,0.3376551436901299,clenched
55095.0,0.5617696795348139,0.5989648157270742,0.48489795918367284,0.5216326530612253,0.31558517284464754,0.3587588504789679,clenched
55195.0,0.5680255814877436,0.5806938359514741,0.48591836734693805,0.504693877551021,0.3226530612244893,0.33720533111203743,clenched
55295.0,0.568238178265637,0.567368961545849,0.4838775510204076,0.4893877551020415,0.3228946272386499,0.32190753852561516,clenched
55395.0,0.5708014051007341,0.5741407936898054,0.49102040816326464,0.49673469387755176,0.3258142440649723,0.3296376509787597,clenched
55495.0,0.5719931613167115,0.562480968255946,0.4948979591836728,0.4877551020408171,0.32717617659308557,0.3163848396501465,clenched
55595.0,0.5849458088862679,0.5714613693211523,0.5055102040816319,0.4973469387755108,0.3421615993336103,0.3265680966264064,clenched
55695.0,0.5920478159826523,0.58420127413108,0.5175510204081626,0.5142857142857151,0.3505206164098285,0.34129112869637734,clenched
55795.0,0.5885765235138527,0.5807727262881475,0.5077551020408156,0.5083673469387763,0.34642232403165274,0.3372969596001674,clenched
55895.0,0.567067909655242,0.5787972420432899,0.4881632653061218,0.5046938775510212,0.3215660141607657,0.33500624739691864,clenched
55995.0,0.5793151107135396,0.5757525904394628,0.49775510204081574,0.5022448979591845,0.3356059975010406,0.33149104539775176,clenched
56095.0,0.5743547526783405,0.5819905808816006,0.4875510204081626,0.507551020408164,0.3298833819241977,0.3387130362349029,clenched
56195.0,0.581768691573916,0.6161372867997228,0.49408163265306065,0.5469387755102049,0.3384548104956262,0.3796251561849239,clenched
56295.0,0.5805898277656574,0.6308235561685034,0.4975510204081627,0.5622448979591844,0.33708454810495575,0.39793835901707697,clenched
56395.0,0.5811598507968858,0.6312030783465175,0.49408163265306065,0.5653061224489803,0.33774677217825855,0.3984173261141198,clenched
56495.0,0.5785417333919259,0.643660010471018,0.49346938775510146,0.5748979591836741,0.33471053727613437,0.4142982090795509,clenched
56595.0,0.5798612481062974,0.6192658656921887,0.49979591836734644,0.5473469387755108,0.3362390670553929,0.38349021241149583,clenched
56695.0,0.5846395601083182,0.6073134728545914,0.5026530612244893,0.531020408163266,0.3418034152436478,0.36882965431070447,clenched
56795.0,0.5965226178885795,0.5942386166580709,0.5210204081632649,0.5155102040816334,0.35583923365264425,0.35311953352769765,clenched
56895.0,0.5919880172588732,0.5991560078137351,0.5140816326530607,0.5181632653061231,0.35044981257809193,0.35898792169929267,clenched
56995.0,0.5854582388503333,0.6062461222004224,0.5022448979591831,0.5263265306122457,0.34276134943773395,0.3675343606830495,clenched
57095.0,0.5796672845403187,0.6037712936979629,0.4961224489795913,0.5232653061224496,0.3360141607663468,0.3645397750937117,clenched
57195.0,0.5780015550016621,0.5845825658905602,0.4975510204081627,0.5002040816326537,0.3340857975843393,0.3417367763431912,clenched
57295.0,0.5771759076066257,0.5728553615932412,0.4969387755102035,0.48897959183673523,0.33313202832153216,0.32816326530612316,clenched
57395.0,0.5866450685762197,0.5793115159996073,0.5099999999999993,0.4910204081632659,0.34415243648479754,0.3356018325697632,clenched
57495.0,0.579800192500534,0.5709035488948859,0.5032653061224485,0.4865306122448987,0.3361682632236564,0.3259308621407754,clenched
57595.0,0.573894097941259,0.5784697387509247,0.4951020408163259,0.49673469387755176,0.3293544356518114,0.334627238650563,clenched
57695.0,0.5617696795348142,0.5902018234636571,0.4799999999999994,0.5159183673469395,0.31558517284464777,0.34833819241982583,clenched
57795.0,0.5580690514823475,0.5936986896657159,0.4761224489795913,0.5175510204081639,0.311441066222407,0.35247813411078804,clenched
57895.0,0.5591464310553473,0.6008636017336886,0.4779591836734688,0.5275510204081639,0.31264473136193227,0.36103706788838075,clenched
57995.0,0.5561177681885017,0.6025732685242733,0.4806122448979586,0.5251020408163274,0.30926697209496007,0.36309454394002594,clenched
58095.0,0.5585651278789835,0.5860235264142882,0.48408163265306065,0.5036734693877558,0.31199500208246517,0.3434235735110379,clenched
58195.0,0.5578077814381065,0.585849376442772,0.47938775510204024,0.5055102040816335,0.31114952103290244,0.34321949187838485,clenched
58295.0,0.5724407944410999,0.5986796523301257,0.4893877551020402,0.5224489795918376,0.3276884631403576,0.3584173261141201,clenched
58395.0,0.5602143042076843,0.5859169101269216,0.47489795918367284,0.5073469387755111,0.31384006663889985,0.3432986255726791,clenched
58495.0,0.5712827802356307,0.5947395385381254,0.4775510204081626,0.5100000000000009,0.32636401499375195,0.35371511870054234,clenched
58595.0,0.5819440627141745,0.5934285419512053,0.4930612244897953,0.5034693877551029,0.33865889212827915,0.3521574344023335,clenched
58695.0,0.602058111131731,0.586023526414288,0.5167346938775504,0.4914285714285722,0.3624739691795078,0.3434235735110377,clenched
58795.0,0.6156131836118635,0.5908647895248192,0.5320408163265299,0.4991836734693885,0.3789795918367339,0.3491211995002089,clenched
58895.0,0.6354841198951392,0.5753907822253397,0.5583673469387749,0.48224489795918446,0.4038400666388997,0.33107455226988824,clenched
58995.0,0.6342540637705146,0.5729171573079826,0.5561224489795912,0.48306122448979677,0.402278217409412,0.3282340691378598,clenched
59095.0,0.6296373151966501,0.5656154756596627,0.555510204081632,0.4777551020408171,0.39644314868804575,0.3199208663057066,clenched
59195.0,0.629392519635741,0.5705569153636691,0.5599999999999994,0.4863265306122457,0.3961349437734267,0.3255351936693051,clenched
59295.0,0.6050426718302817,0.5691024082012031,0.5348979591836729,0.4830612244897967,0.366076634735526,0.3238775510204087,clenched
59395.0,0.5958904103031121,0.5939196282169346,0.5269387755102034,0.5100000000000007,0.35508538109121124,0.3527405247813417,clenched
59495.0,0.5943262208666735,0.5876417124184555,0.5304081632653055,0.5114285714285721,0.35322365680966195,0.3453227821740948,clenched
